school_id,school_name,school_url,finalised_urls,finalised_url_count,total_documents,per_url,per_url_count
399,Abington,https://www.abingtonps.org,"https://www.abingtonps.org
https://www.abingtonps.org/page/2026-2027-school-committee-agendas
https://www.abingtonps.org/page/archived-school-committee-agendas-documents-minutes-and-policies",3,43,"https://www.abingtonps.org/documents/central-office/abington-public-schools-policy-manual/651341 (1)
https://www.abingtonps.org/documents/community/building-use/650729 (4)
https://www.abingtonps.org/documents/community/community-links/650733 (4)
https://www.abingtonps.org/documents/technology-resources/technology-guides/650331 (6)
https://www.abingtonps.org/live-feed (1)
https://www.abingtonps.org/page/archived-school-committee-agendas-documents-minutes-and-policies (23)
https://www.abingtonps.org/page/central-office-staff (1)
https://www.abingtonps.org/page/two-mile-limit (3)",8
400,Agawam,https://www.agawamed.org/,"https://us-east-2.protection.sophos.com/?d=cablecast.tv&u=aHR0cDovL2FnYXdhbXZvZC5jYWJsZWNhc3QudHYvaW50ZXJuZXRjaGFubmVsL3NlYXJjaD9zaXRlPTEmcXVlcnk9U2Nob29sK0NvbW1pdHRlZSZmdWxsVGV4dD1mYWxzZQ==&i=NWViYzJmYzZkZDY5M2YxNzYxOTE0MjJm&t=YVd3dFhEZzYvdlRFd012N2dyYnFwOUFuRFFTc2JwVWtTcm53Q3N4cVZrRT0=&h=920d1e9b9d7f49469b38c33d60f94246&s=AVNPUEhUT0NFTkNSWVBUSVZsNSX5DmkmLtVZk6T_g_T-QRE8lB3ZyVFxSYsrE34cVQ
https://www.agawamed.org/browse/145146
https://www.agawamed.org/browse/145147
https://www.agawamed.org/page/school-committee",4,0,,0
401,Ashland,http://www.ashland.k12.ma.us,"https://drive.google.com/drive/folders/0B0n1npGCorhBfmhtQWxrdmZnOTNJN29vUFVFVENGWGp2aENNeWpvbTNWVkwtOE9ob3EzRTQ?resourcekey=0-GYd5V1ZeMsg1sodIhkeJIg&usp=sharing
http://www.ashland.k12.ma.us/school-committee
http://www.ashland.k12.ma.us/school-committee/meeting-agendas-minutes-meeting-video-links/meeting-agendas-minutes-video-links",3,104,"http://www.ashland.k12.ma.us/school-committee (66)
http://www.ashland.k12.ma.us/school-committee/ashland-school-committee/meeting-agendas-minutes-video-links-2024-2025 (9)
http://www.ashland.k12.ma.us/school-committee/ashland-school-committee/school-choice-seats-2026-2027 (1)
http://www.ashland.k12.ma.us/school-committee/meeting-agendas-minutes-meeting-video-links/meeting-agendas-minutes-video-links (28)",4
402,Belchertown,https://www.belchertownps.org,"https://www.belchertownps.org/agenda-minutes
https://www.belchertownps.org/school-committee
https://www.belchertownps.org/school-committee-document-archives",3,215,"https://www.belchertownps.org/agenda-minutes (37)
https://www.belchertownps.org/school-committee (2)
https://www.belchertownps.org/school-committee-document-archives (176)",3
403,Belmont,https://www.belmont.k12.ma.us,"https://www.belmont.k12.ma.us
https://www.belmont.k12.ma.us/page/minutes-archive
https://www.belmont.k12.ma.us/page/notices-agendas
https://www.belmont.k12.ma.us/page/policies
https://www.belmont.k12.ma.us/page/sc-archive-public-documents
https://www.belmont.k12.ma.us/page/school-committee
https://www.belmont.k12.ma.us/page/sc-public-documents",7,548,"https://www.belmont.k12.ma.us/o/bbes (1)
https://www.belmont.k12.ma.us/o/bes (1)
https://www.belmont.k12.ma.us/o/bms (1)
https://www.belmont.k12.ma.us/o/bps/page/bps-calendar (1)
https://www.belmont.k12.ma.us/o/bps/page/school-budget (16)
https://www.belmont.k12.ma.us/o/cues (1)
https://www.belmont.k12.ma.us/o/wbes (1)
https://www.belmont.k12.ma.us/o/wes (1)
https://www.belmont.k12.ma.us/page/athletics (1)
https://www.belmont.k12.ma.us/page/athletics-training (1)
https://www.belmont.k12.ma.us/page/business-office-payroll (1)
https://www.belmont.k12.ma.us/page/climate-survey (3)
https://www.belmont.k12.ma.us/page/collective-bargaining-2025 (1)
https://www.belmont.k12.ma.us/page/curriculum-instruction (1)
https://www.belmont.k12.ma.us/page/dei-news (3)
https://www.belmont.k12.ma.us/page/dei-news-archive-2024-2025 (1)
https://www.belmont.k12.ma.us/page/district-attendance-policy (1)
https://www.belmont.k12.ma.us/page/employment-forms (1)
https://www.belmont.k12.ma.us/page/facilities-rental-information (2)
https://www.belmont.k12.ma.us/page/for-substitutes (1)
https://www.belmont.k12.ma.us/page/health-forms-and-resources (1)
https://www.belmont.k12.ma.us/page/mtss-overview (1)
https://www.belmont.k12.ma.us/page/notices-agendas (494)
https://www.belmont.k12.ma.us/page/professional-development (1)
https://www.belmont.k12.ma.us/page/resources (1)
https://www.belmont.k12.ma.us/page/school-committee (1)
https://www.belmont.k12.ma.us/page/strategic-initiatives (1)
https://www.belmont.k12.ma.us/page/strategic-plan (6)
https://www.belmont.k12.ma.us/page/summer-program (1)
https://www.belmont.k12.ma.us/page/wellness (1)",30
478,Berlin-Boylston,https://www.bbrsd.org,"https://www.bbrsd.org
https://www.bbrsd.org/school-committee/all-agendas
https://www.bbrsd.org/school-committee/all-minutes
https://www.bbrsd.org/school-committee/archived-agendas",4,333,"https://www.bbrsd.org (4)
https://www.bbrsd.org/administration/bullying-prevention-policy (1)
https://www.bbrsd.org/administration/director-of-curriculum-and-grants-grades-6-12/bbrsd-curriculum-review-process (1)
https://www.bbrsd.org/administration/director-of-curriculum-and-grants-grades-6-12/bullying-prevention-plan-and-intervention-plan (1)
https://www.bbrsd.org/administration/director-of-curriculum-and-grants-grades-6-12/director-of-curriculum-and-grants-grades-6-12-home (5)
https://www.bbrsd.org/administration/director-of-curriculum-and-grants-grades-6-12/job-shadow-and-internship-program-at-tahanto-regional-middle-high-school (1)
https://www.bbrsd.org/administration/director-of-curriculum-and-grants-grades-6-12/professional-development-plan (1)
https://www.bbrsd.org/administration/director-of-facilities/cleaning-products-msds (1)
https://www.bbrsd.org/administration/director-of-finance-and-operations/bid-documents (2)
https://www.bbrsd.org/administration/director-of-finance-and-operations/wheres-my-kid-app-instructions (4)
https://www.bbrsd.org/administration/director-of-pupil-personnel-services/coordinated-program-review-docs (1)
https://www.bbrsd.org/administration/district-health-services/mandated-screenings (1)
https://www.bbrsd.org/administration/district-health-services/ma-required-school-immunizations (1)
https://www.bbrsd.org/administration/food-services/elementary-school-lunch-packet (1)
https://www.bbrsd.org/administration/food-services/free-and-reduced-application-english (1)
https://www.bbrsd.org/administration/food-services/free-and-reduced-application-spanish (1)
https://www.bbrsd.org/administration/food-services/tahanto-school-lunch-packet (1)
https://www.bbrsd.org/administration/superintendents-corner/grief-support-resources (2)
https://www.bbrsd.org/our-district/information-for-current-employees/dental-plan-information (1)
https://www.bbrsd.org/our-district/information-for-current-employees/employee-assistance-program (1)
https://www.bbrsd.org/our-district/information-for-current-employees/flexible-spending-accounts (1)
https://www.bbrsd.org/our-district/information-for-current-employees/insurance-rates (1)
https://www.bbrsd.org/our-district/information-for-current-employees/vision-plan-forms (1)
https://www.bbrsd.org/our-district/information-for-current-employees/vision-plan-information (1)
https://www.bbrsd.org/our-district/our-goals (1)
https://www.bbrsd.org/school-committee/2024-election-information (5)
https://www.bbrsd.org/school-committee/all-agendas (116)
https://www.bbrsd.org/school-committee/all-agendas/archived-agendas (52)
https://www.bbrsd.org/school-committee/all-minutes (107)
https://www.bbrsd.org/school-committee/current-meeting-schedule (1)
https://www.bbrsd.org/school-committee/fy25-budget-information (4)
https://www.bbrsd.org/school-committee/fy26-budget-information (4)
https://www.bbrsd.org/school-committee/fy27-budget-information (2)
https://www.bbrsd.org/school-committee/guidlines-for-public-comment (1)
https://www.bbrsd.org/school-committee/home (3)
https://www.bbrsd.org/school-committee/school-committee-handbook (1)",36
404,Beverly,https://www.beverlyschools.org,"https://www.beverlyschools.org/apps/pages/index.jsp?uREC_ID=2083091&type=d
https://www.beverlyschools.org/apps/pages/index.jsp?uREC_ID=2083091&type=d&pREC_ID=2285699
https://www.beverlyschools.org/apps/pages/index.jsp?uREC_ID=2083160&type=d&pREC_ID=2133568",3,6,"https://www.beverlyschools.org/apps/pages/index.jsp?uREC_ID=2083091&type=d&pREC_ID=2285699 (3)
https://www.beverlyschools.org/apps/pages/index.jsp?uREC_ID=2083160&type=d&pREC_ID=2133568 (3)",2
479,Blackstone-Millville,https://www.bmrsd.net,"https://www.bmrsd.net/o/bmrsd/page/school-committee-agendas-and-minutes
https://www.youtube.com/playlist?list=PLZFzagk00pfdRNZSJzQQwo3MlBZHfCxHP",2,1,https://www.bmrsd.net/o/bmrsd/page/school-committee-agendas-and-minutes (1),1
405,Boston,https://www.bostonpublicschools.org,https://www.bostonpublicschools.org/school-committee/meeting-archives,1,1,https://www.bostonpublicschools.org/school-committee/meeting-archives (1),1
468,Boston Preparatory Charter Public (District),https://www.bostonprep.org,"https://www.bostonprep.org
https://www.bostonprep.org/about/board-of-trustees/committee-minutes-archive
https://www.bostonprep.org/about/board-of-trustees/meeting-minutes",3,112,"https://www.bostonprep.org (1)
https://www.bostonprep.org/about/annual-report (3)
https://www.bostonprep.org/about/back-to-school-information (12)
https://www.bostonprep.org/about/board-of-trustees/committee-minutes-archive (38)
https://www.bostonprep.org/about/board-of-trustees/meeting-minutes (23)
https://www.bostonprep.org/about/reports-and-accountability (14)
https://www.bostonprep.org/academics/2026-summer-reading (8)
https://www.bostonprep.org/academics/course-catalog (1)
https://www.bostonprep.org/academics/persistence-project (1)
https://www.bostonprep.org/enrollment/enrollment-overview (6)
https://www.bostonprep.org/families/ (3)
https://www.bostonprep.org/student-experience/student-resources (1)
https://www.bostonprep.org/student-experience/student-support/the-nurses-corner (1)",13
406,Bourne,https://www.bourneps.org/,"https://www.bourneps.org
https://www.bourneps.org/our-school-committee/school-committee-meetings-agendas-and-documents
https://www.bourneps.org/our-school-committee/school-committee-minutes
https://www.bourneps.org/our-school-committee/sub-committee-minutes",4,260,"https://www.bourneps.org (2)
https://www.bourneps.org/2025-2030-strategic-plan (6)
https://www.bourneps.org/about-us/district-report-card-2026 (1)
https://www.bourneps.org/about-us/school-wellness-advisory-committee (8)
https://www.bourneps.org/about-us/student-opportunities-act-plan (1)
https://www.bourneps.org/curriculum-supports/district-curriculum-accommodation-plan (1)
https://www.bourneps.org/curriculum-supports/elementary-curriculum-guides (1)
https://www.bourneps.org/curriculum-supports/program-of-studies (2)
https://www.bourneps.org/curriculum-supports/special-education-and-student-services (1)
https://www.bourneps.org/formsrequestspayments/district-forms-for-public-use (2)
https://www.bourneps.org/formsrequestspayments/medicaldental-forms (1)
https://www.bourneps.org/for-parents-caregivers/curriculum-tips-for-elementary-parents (1)
https://www.bourneps.org/for-parents-caregivers/school-choice-application (1)
https://www.bourneps.org/for-parents-caregivers/student-and-caregiver-handbooks (5)
https://www.bourneps.org/our-school-committee/bourne-public-schools-committee-policies/a-foundations-and-commitments (7)
https://www.bourneps.org/our-school-committee/bourne-public-schools-committee-policies/b-school-board-governance-and-operations-2-174-2 (1)
https://www.bourneps.org/our-school-committee/bourne-public-schools-committee-policies/c-general-school-administration (1)
https://www.bourneps.org/our-school-committee/bourne-public-schools-committee-policies/d-fiscal-management (15)
https://www.bourneps.org/our-school-committee/bourne-public-schools-committee-policies/e-support-services (5)
https://www.bourneps.org/our-school-committee/bourne-public-schools-committee-policies/g-personnel (3)
https://www.bourneps.org/our-school-committee/bourne-public-schools-committee-policies/i-instruction (7)
https://www.bourneps.org/our-school-committee/bourne-public-schools-committee-policies/jd-job-descriptions (14)
https://www.bourneps.org/our-school-committee/bourne-public-schools-committee-policies/j-students (5)
https://www.bourneps.org/our-school-committee/bourne-public-schools-committee-policies/k-community-relations (3)
https://www.bourneps.org/our-school-committee/school-committee-meetings-agendas-and-documents (43)
https://www.bourneps.org/our-school-committee/sub-committee-minutes (118)
https://www.bourneps.org/staff/reimbursement-forms (4)
https://www.bourneps.org/staff/staff-resource-handbook (1)",28
469,Bridge Boston Charter School (District),https://www.bridgebostoncs.org,https://www.bridgebostoncs.org/public-meeting-materials,1,0,,0
407,Brimfield,https://www.tantasqua.org,"https://www.tantasqua.org/apps/pages/index.jsp?uREC_ID=3617321&type=d
https://www.tantasqua.org/apps/pages/index.jsp?uREC_ID=3617321&type=d&pREC_ID=2409521
https://www.tantasqua.org/apps/pages/index.jsp?uREC_ID=3617321&type=d&pREC_ID=2499140
https://www.tantasqua.org/apps/pages/index.jsp?uREC_ID=3617321&type=d&pREC_ID=2594396
https://www.tantasqua.org/apps/pages/index.jsp?uREC_ID=3617321&type=d&pREC_ID=2699058
https://www.tantasqua.org/apps/pages/index.jsp?uREC_ID=3617321&type=d&pREC_ID=2754983",6,156,"https://www.tantasqua.org/apps/pages/index.jsp?uREC_ID=3617321&type=d (31)
https://www.tantasqua.org/apps/pages/index.jsp?uREC_ID=3617321&type=d&pREC_ID=2409521 (26)
https://www.tantasqua.org/apps/pages/index.jsp?uREC_ID=3617321&type=d&pREC_ID=2499140 (26)
https://www.tantasqua.org/apps/pages/index.jsp?uREC_ID=3617321&type=d&pREC_ID=2594396 (43)
https://www.tantasqua.org/apps/pages/index.jsp?uREC_ID=3617321&type=d&pREC_ID=2699058 (30)",5
408,Brockton,https://www.bpsma.org,"https://www.bpsma.org/apps/pages/index.jsp?uREC_ID=4408287&type=d
https://www.bpsma.org/apps/pages/index.jsp?uREC_ID=4410775&type=d&pREC_ID=2645118
https://www.bpsma.org/apps/pages/index.jsp?uREC_ID=4410775&type=d&pREC_ID=2753897",3,224,"https://www.bpsma.org/apps/pages/index.jsp?uREC_ID=4408287&type=d (1)
https://www.bpsma.org/apps/pages/index.jsp?uREC_ID=4408287&type=d&pREC_ID=2636984 (220)
https://www.bpsma.org/apps/pages/index.jsp?uREC_ID=4410775&type=d&pREC_ID=2753897 (3)",3
409,Brookline,http://www.brookline.k12.ma.us/,"http://www.brookline.k12.ma.us/district/school-committee/archived-meeting-materials
http://www.brookline.k12.ma.us/district/school-committee/meeting-materials
http://www.brookline.k12.ma.us/district/school-committee/meetings-and-public-comment",3,6,http://www.brookline.k12.ma.us/district/school-committee/meeting-materials (6),1
480,Chesterfield-Goshen,https://www.hr-k12.org,"https://drive.google.com/drive/folders/13svmNcTthBVZ4EzABV9ySe0Flz1VN8fM
https://drive.google.com/drive/folders/15tDEMfyZIGayycWBPljcP_pX-ZIPjk9K
https://drive.google.com/drive/folders/1eHJy-swbS-jXhw_njjWVuzAebcmAFCu0
https://www.hr-k12.org/en-US/pages/b42d6ee5-8b59-4139-b5f0-474db071bcc6",4,714,https://www.hr-k12.org/en-US/pages/b42d6ee5-8b59-4139-b5f0-474db071bcc6 (714),1
410,Chicopee,https://www.chicopeeps.org,"https://drive.google.com/drive/folders/1AeT6RcMoS4UFuA33TZNieFgM1BxbRnob
https://www.chicopeeps.org/en-US/school-committee-9aceadb1",2,92,"https://drive.google.com/drive/folders/1AeT6RcMoS4UFuA33TZNieFgM1BxbRnob (35)
https://www.chicopeeps.org/en-US/school-committee-9aceadb1 (57)",2
411,Cohasset,http://www.cohassetk12.org,"http://www.cohassetk12.org
http://www.cohassetk12.org/school-committee/minutes-and-agendas",2,603,"http://www.cohassetk12.org/departments/curriculum-instruction-assessment/assessment (2)
http://www.cohassetk12.org/departments/curriculum-instruction-assessment/curriculum-frameworks (8)
http://www.cohassetk12.org/departments/curriculum-instruction-assessment/home-schooling (1)
http://www.cohassetk12.org/departments/curriculum-instruction-assessment/professional-development (1)
http://www.cohassetk12.org/departments/curriculum-instruction-assessment/student-opportunity-act (2)
http://www.cohassetk12.org/departments/curriculum-instruction-assessment/title-ix (4)
http://www.cohassetk12.org/departments/finance-and-operations/budget-information (1)
http://www.cohassetk12.org/departments/finance-and-operations/budget-information/fy23-budget-information (1)
http://www.cohassetk12.org/departments/finance-and-operations/capital-projects (3)
http://www.cohassetk12.org/departments/finance-and-operations/monthly-finance-reports (33)
http://www.cohassetk12.org/departments/finance-and-operations/transportation (1)
http://www.cohassetk12.org/departments/finance-and-operations/use-of-facilities (1)
http://www.cohassetk12.org/departments/nutrition-lunch-program (2)
http://www.cohassetk12.org/departments/nutrition-lunch-program/free-and-reduced-lunch (2)
http://www.cohassetk12.org/departments/office-of-student-services (12)
http://www.cohassetk12.org/departments/office-of-student-services/integrated-preschool (1)
http://www.cohassetk12.org/departments/technology/technology-curriculum (2)
http://www.cohassetk12.org/departments/technology/technology-policies (2)
http://www.cohassetk12.org/district-calendar (1)
http://www.cohassetk12.org/our-district/district-accommodation-plan (1)
http://www.cohassetk12.org/our-district/memorandum-of-understanding-between-cohasset-police-department (1)
http://www.cohassetk12.org/our-district/protocols-and-policies (8)
http://www.cohassetk12.org/school-committee/budget (16)
http://www.cohassetk12.org/school-committee/documents (6)
http://www.cohassetk12.org/school-committee/minutes-and-agendas (224)
http://www.cohassetk12.org/school-committee/policy-manual (249)
http://www.cohassetk12.org/school-committee/schedule-of-meetings (2)
http://www.cohassetk12.org/school-committee/school-committee-goals (4)
http://www.cohassetk12.org/school-committee/school-committee-information (1)
http://www.cohassetk12.org/school-committee/school-facilities-committee (2)
http://www.cohassetk12.org/students-families/student-family-handbooks (4)
http://www.cohassetk12.org/superintendent/school-improvement-plans (4)
http://www.cohassetk12.org/superintendent/strategic-plan (1)",33
481,Concord-Carlisle,https://www.concordps.org,"https://www.concordps.org/school-committee/meeting-archives
https://www.concordps.org/school-committee/meetings-and-minutes",2,758,"https://www.concordps.org/school-committee/meeting-archives (754)
https://www.concordps.org/school-committee/meetings-and-minutes (4)",2
412,Conway,https://www.frsu38.org,"https://drive.google.com/drive/folders/116XYaRY0O7yLVIEHkeE2K1iqTBZrtPi8?usp=drive_link
https://drive.google.com/drive/folders/12Bzh4Kvnmu_1EmnxxvP5_ynDmp-GWFzG?usp=drive_link
https://drive.google.com/drive/folders/1CHuSV4K84FkQjlHJU0gUhG-aOomSMIlc?usp=drive_link
https://drive.google.com/drive/folders/1n7OBrRgUEHgCiAw-urPOYgBQbuWPw96I?usp=sharing
https://www.frsu38.org/conway-school-committee",5,19,"https://drive.google.com/drive/folders/116XYaRY0O7yLVIEHkeE2K1iqTBZrtPi8?usp=drive_link (14)
https://www.frsu38.org/conway-school-committee (5)",2
413,Dartmouth,https://www.dartmouth.school,"https://www.dartmouth.school/our-district/school-committee/meeting-dates-and-agenda
https://www.dartmouth.school/our-district/school-committee/minutes",2,60,"https://www.dartmouth.school/our-district/school-committee/meeting-dates-and-agenda (55)
https://www.dartmouth.school/our-district/school-committee/minutes (5)",2
414,Deerfield,https://www.frsu38.org,"https://drive.google.com/drive/folders/1fvrrl8mRRZvcQPdP6eRmH-OCOuVLHPy6?usp=drive_link
https://drive.google.com/drive/folders/1pzFGOF_mSY6QwLJaRmqeqw3x-SI8JRb7?usp=sharing
https://drive.google.com/drive/folders/1R_Qfowi1HVs1kkQJ8hUIbtGWb7GSCRyg?usp=drive_link
https://www.frsu38.org/deerfield-school-committee-2",4,21,"https://drive.google.com/drive/folders/1fvrrl8mRRZvcQPdP6eRmH-OCOuVLHPy6?usp=drive_link (16)
https://www.frsu38.org/deerfield-school-committee-2 (5)",2
482,Dighton-Rehoboth,https://www.drregional.org,"https://drive.google.com/drive/folders/1Tuhn9zGtN6b_1KzSRk7f2_crHtp0pgMu
https://www.drregional.org/documents/school-committee/18838602
https://www.drregional.org/documents/school-committee/agenda-minutes/18838607
https://www.drregional.org/page/agenda-and-minutes
https://www.drregional.org/page/yearly-budget-information",5,5,"https://www.drregional.org/page/agenda-and-minutes (1)
https://www.drregional.org/page/yearly-budget-information (4)",2
415,Douglas,https://www.douglasps.net,"https://www.douglasps.net/documents/school-committee/school-committee-agendas/795568
https://www.douglasps.net/documents/school-committee/school-committee-minutes/22224956",2,0,,0
416,Dover,http://www.doversherborn.org,"https://www.doversherborn.org/school-committee
https://www.doversherborn.org/school-committee/dover-sherborn-regional-school-committee
http://www.doversherborn.org/school-committee/dover-school-committee
http://www.doversherborn.org/school-committee/sherborn-school-committee",4,263,"https://www.doversherborn.org/school-committee (46)
https://www.doversherborn.org/school-committee/dover-sherborn-regional-school-committee/2023-2024/august-2023 (3)
https://www.doversherborn.org/school-committee/dover-sherborn-regional-school-committee/2023-2024/december-2023 (3)
https://www.doversherborn.org/school-committee/dover-sherborn-regional-school-committee/2023-2024/february-14-2024 (1)
https://www.doversherborn.org/school-committee/dover-sherborn-regional-school-committee/2023-2024/february-6-2024 (3)
https://www.doversherborn.org/school-committee/dover-sherborn-regional-school-committee/2023-2024/january-2024 (3)
https://www.doversherborn.org/school-committee/dover-sherborn-regional-school-committee/2023-2024/march-20-2024 (3)
https://www.doversherborn.org/school-committee/dover-sherborn-regional-school-committee/2023-2024/march-2024 (2)
https://www.doversherborn.org/school-committee/dover-sherborn-regional-school-committee/2023-2024/may-2024 (3)
https://www.doversherborn.org/school-committee/dover-sherborn-regional-school-committee/2023-2024/may-2024/june-2024 (3)
https://www.doversherborn.org/school-committee/dover-sherborn-regional-school-committee/2023-2024/november-2023 (3)
https://www.doversherborn.org/school-committee/dover-sherborn-regional-school-committee/2023-2024/october-2023 (3)
https://www.doversherborn.org/school-committee/dover-sherborn-regional-school-committee/2023-2024/september-2023 (3)
https://www.doversherborn.org/school-committee/dover-sherborn-regional-school-committee/2024-2025/december-2024 (3)
https://www.doversherborn.org/school-committee/dover-sherborn-regional-school-committee/2024-2025/february-2025 (4)
https://www.doversherborn.org/school-committee/dover-sherborn-regional-school-committee/2024-2025/january-2025 (3)
https://www.doversherborn.org/school-committee/dover-sherborn-regional-school-committee/2024-2025/june-2025 (3)
https://www.doversherborn.org/school-committee/dover-sherborn-regional-school-committee/2024-2025/march-2025 (3)
https://www.doversherborn.org/school-committee/dover-sherborn-regional-school-committee/2024-2025/may-2025 (3)
https://www.doversherborn.org/school-committee/dover-sherborn-regional-school-committee/2024-2025/november-2024 (3)
https://www.doversherborn.org/school-committee/dover-sherborn-regional-school-committee/2024-2025/october-2024 (3)
https://www.doversherborn.org/school-committee/dover-sherborn-regional-school-committee/2024-2025/september-2024 (3)
https://www.doversherborn.org/school-committee/dover-sherborn-regional-school-committee/2025-2026/december-2025 (3)
https://www.doversherborn.org/school-committee/dover-sherborn-regional-school-committee/2025-2026/february-11-2026 (1)
https://www.doversherborn.org/school-committee/dover-sherborn-regional-school-committee/2025-2026/february-2026 (3)
https://www.doversherborn.org/school-committee/dover-sherborn-regional-school-committee/2025-2026/june-2026 (2)
https://www.doversherborn.org/school-committee/dover-sherborn-regional-school-committee/2025-2026/march-2026 (2)
https://www.doversherborn.org/school-committee/dover-sherborn-regional-school-committee/2025-2026/may-2026 (3)
https://www.doversherborn.org/school-committee/dover-sherborn-regional-school-committee/2025-2026/november-2025 (3)
https://www.doversherborn.org/school-committee/dover-sherborn-regional-school-committee/2025-2026/october-2025 (3)
https://www.doversherborn.org/school-committee/dover-sherborn-regional-school-committee/2025-2026/september-2025 (3)
http://www.doversherborn.org/school-committee/dover-school-committee (1)
http://www.doversherborn.org/school-committee/dover-school-committee/2023-2024/april-2024 (3)
http://www.doversherborn.org/school-committee/dover-school-committee/2023-2024/january-2024 (3)
http://www.doversherborn.org/school-committee/dover-school-committee/2023-2024/june-2024 (4)
http://www.doversherborn.org/school-committee/dover-school-committee/2023-2024/march-2024 (3)
http://www.doversherborn.org/school-committee/dover-school-committee/2023-2024/may-2024 (3)
http://www.doversherborn.org/school-committee/dover-school-committee/2023-2024/november-2023 (3)
http://www.doversherborn.org/school-committee/dover-school-committee/2023-2024/october-2023 (3)
http://www.doversherborn.org/school-committee/dover-school-committee/2023-2024/september-2023 (3)
http://www.doversherborn.org/school-committee/dover-school-committee/2024-2025/january-2025 (3)
http://www.doversherborn.org/school-committee/dover-school-committee/2024-2025/june-2025 (3)
http://www.doversherborn.org/school-committee/dover-school-committee/2024-2025/march-2025 (3)
http://www.doversherborn.org/school-committee/dover-school-committee/2024-2025/may-2025 (3)
http://www.doversherborn.org/school-committee/dover-school-committee/2024-2025/october-2024 (3)
http://www.doversherborn.org/school-committee/dover-school-committee/2024-2025/september-2024 (2)
http://www.doversherborn.org/school-committee/dover-school-committee/2025-2026/february-2026 (3)
http://www.doversherborn.org/school-committee/dover-school-committee/2025-2026/february-24-2026 (3)
http://www.doversherborn.org/school-committee/dover-school-committee/2025-2026/february-3-2026 (2)
http://www.doversherborn.org/school-committee/dover-school-committee/2025-2026/june-2026 (2)
http://www.doversherborn.org/school-committee/dover-school-committee/2025-2026/march-2026 (5)
http://www.doversherborn.org/school-committee/dover-school-committee/2025-2026/may-2026 (3)
http://www.doversherborn.org/school-committee/dover-school-committee/2025-2026/november-2025 (3)
http://www.doversherborn.org/school-committee/dover-school-committee/2025-2026/october-2025 (3)
http://www.doversherborn.org/school-committee/dover-school-committee/2025-2026/september-2025-clone (3)
http://www.doversherborn.org/school-committee/dover-school-committee/2026-2027 (2)
http://www.doversherborn.org/school-committee/sherborn-school-committee/2023-2024/april-2024 (1)
http://www.doversherborn.org/school-committee/sherborn-school-committee/2023-2024/august-2023 (3)
http://www.doversherborn.org/school-committee/sherborn-school-committee/2023-2024/february-2024 (3)
http://www.doversherborn.org/school-committee/sherborn-school-committee/2023-2024/june-2024 (3)
http://www.doversherborn.org/school-committee/sherborn-school-committee/2023-2024/march-2024 (3)
http://www.doversherborn.org/school-committee/sherborn-school-committee/2023-2024/may-2024 (2)
http://www.doversherborn.org/school-committee/sherborn-school-committee/2023-2024/november-2023 (3)
http://www.doversherborn.org/school-committee/sherborn-school-committee/2023-2024/october-2023 (3)
http://www.doversherborn.org/school-committee/sherborn-school-committee/2023-2024/september-2023 (3)
http://www.doversherborn.org/school-committee/sherborn-school-committee/2024-2025/february-2025 (3)
http://www.doversherborn.org/school-committee/sherborn-school-committee/2024-2025/june-2025 (3)
http://www.doversherborn.org/school-committee/sherborn-school-committee/2024-2025/march-2025 (3)
http://www.doversherborn.org/school-committee/sherborn-school-committee/2024-2025/may-2025 (3)
http://www.doversherborn.org/school-committee/sherborn-school-committee/2024-2025/november-2024 (3)
http://www.doversherborn.org/school-committee/sherborn-school-committee/2024-2025/october-2024 (3)
http://www.doversherborn.org/school-committee/sherborn-school-committee/2024-2025/september-2024 (2)
http://www.doversherborn.org/school-committee/sherborn-school-committee/2025-2026/december-2025 (3)
http://www.doversherborn.org/school-committee/sherborn-school-committee/2025-2026/february-2026 (3)
http://www.doversherborn.org/school-committee/sherborn-school-committee/2025-2026/june-2026 (2)
http://www.doversherborn.org/school-committee/sherborn-school-committee/2025-2026/march-2026 (3)
http://www.doversherborn.org/school-committee/sherborn-school-committee/2025-2026/may-2026 (3)
http://www.doversherborn.org/school-committee/sherborn-school-committee/2025-2026/october-2025 (3)",78
417,Duxbury,https://www.duxbury.k12.ma.us,"https://www.duxbury.k12.ma.us/documents/school-committee/21074242
https://www.duxbury.k12.ma.us/documents/school-committee/agendas/21074277
https://www.duxbury.k12.ma.us/documents/school-committee/minutes/21074276
https://www.duxbury.k12.ma.us/documents/school-committee/packet/21074278",4,169,"https://www.duxbury.k12.ma.us/documents/school-committee/agendas/21074277 (4)
https://www.duxbury.k12.ma.us/documents/school-committee/minutes/21074276 (93)
https://www.duxbury.k12.ma.us/documents/school-committee/packet/21074278 (72)",3
418,Easthampton,https://www.epsd.us,"https://www.easthamptonma.gov/AgendaCenter
https://www.epsd.us/about/school-committee
https://www.youtube.com/channel/UCqgiWk-zGkX97R48xsqeKSA",3,11,https://www.epsd.us/about/school-committee (11),1
419,Easton,https://eastonmaschools.org,"https://eastonmaschools.org/school-committee
https://eastontownma.documents-on-demand.com/?l=b8615993b73a47f9926aaa2924852ac3",2,0,,0
420,Edgartown,https://mvyps.org,"https://mvyps.org
https://mvyps.org/school-committee/agendas
https://mvyps.org/school-committee/meetings
https://mvyps.org/school-committee/minutes",4,230,"https://mvyps.org (2)
https://mvyps.org/calendar/ (8)
https://mvyps.org/employment/forms/ (4)
https://mvyps.org/policy/ (6)
https://mvyps.org/school-committee/agendas (3)
https://mvyps.org/school-committee/minutes/minutes-all-island/ (50)
https://mvyps.org/school-committee/minutes/minutes-mvrhs/ (65)
https://mvyps.org/school-committee/minutes/minutes-tisbury/ (36)
https://mvyps.org/school-committee/minutes/minutes-west-tisbury/ (53)
https://mvyps.org/student-services/title-i/ (3)",10
499,Essex North Shore Agricultural and Technical School District,https://essexnorthshore.org,"https://essexnorthshore.org/about/school-committee
https://go.boarddocs.com/ma/ens/Board.nsf/Private
https://go.boarddocs.com/ma/ens/Board.nsf/Public
https://go.boarddocs.com/ma/ens/Board.nsf/Public#tab-meetings",4,0,,0
421,Everett,https://www.everettpublicschools.org/,"https://www.everettpublicschools.org/apps/pages/index.jsp?uREC_ID=1618426&type=d&pREC_ID=2306489
https://www.everettpublicschools.org/apps/pages/index.jsp?uREC_ID=1618426&type=d&pREC_ID=2696829
https://www.everettpublicschools.org/apps/pages/index.jsp?uREC_ID=1618426&type=d&pREC_ID=2699654",3,66,"https://www.everettpublicschools.org/apps/pages/index.jsp?uREC_ID=1618426&type=d&pREC_ID=2306489 (4)
https://www.everettpublicschools.org/apps/pages/index.jsp?uREC_ID=1618426&type=d&pREC_ID=2696829 (32)
https://www.everettpublicschools.org/apps/pages/index.jsp?uREC_ID=1618426&type=d&pREC_ID=2699654 (30)",3
422,Fall River,https://www.fallriverschools.org,"https://www.fallriverschools.org
https://www.fallriverschools.org/school-committee
https://www.fallriverschools.org/school-committee/locations-and-agendas
https://www.fallriverschools.org/school-committee/sc-minutes",4,209,"https://www.fallriverschools.org/departments/assistant-superintendent-of-student-services (5)
https://www.fallriverschools.org/departments/cao (1)
https://www.fallriverschools.org/departments/cao/home-school-information (3)
https://www.fallriverschools.org/departments/cao/professional-development-for-staff/currentpdps (1)
https://www.fallriverschools.org/departments/cfo (4)
https://www.fallriverschools.org/departments/cfo/budget (50)
https://www.fallriverschools.org/departments/ell/dual-language-spanishenglish (1)
https://www.fallriverschools.org/departments/food-services (3)
https://www.fallriverschools.org/departments/hr (4)
https://www.fallriverschools.org/departments/nurse/head-lice (5)
https://www.fallriverschools.org/departments/parent-resources (5)
https://www.fallriverschools.org/departments/parent-resources/mckinney-vento-homeless-education-act (2)
https://www.fallriverschools.org/departments/parent-resources/resource-page-for-immigrant-families (6)
https://www.fallriverschools.org/departments/sped (3)
https://www.fallriverschools.org/departments/technology-services (9)
https://www.fallriverschools.org/departments/technology-services/aspen/aspen-resources/teacher-info-gradebook/teacher-gradebook (16)
https://www.fallriverschools.org/departments/technology-services/direct-print (1)
https://www.fallriverschools.org/departments/title-1/21st-cclc-program (1)
https://www.fallriverschools.org/departments/transportation/bus-routes (1)
https://www.fallriverschools.org/district-information/district-calendar (9)
https://www.fallriverschools.org/district-information/policies-and-procedures (6)
https://www.fallriverschools.org/district-information/policies-and-procedures/handbooks (1)
https://www.fallriverschools.org/district-information/resources/2024-summer-math-and-reading-work (38)
https://www.fallriverschools.org/district-information/resources/academic-resources (1)
https://www.fallriverschools.org/district-information/resources/bullying-resources (13)
https://www.fallriverschools.org/district-information/resources/sel (1)
https://www.fallriverschools.org/employment/contracts (1)
https://www.fallriverschools.org/employment/current-job-postings (1)
https://www.fallriverschools.org/school-committee/locations-and-agendas (17)",29
423,Falmouth,https://www.falmouth.k12.ma.us,https://www.falmouth.k12.ma.us/school_committee/meeting_packets,1,0,,0
483,Farmington River Reg,https://www.frrsd.org,"https://frrsd.org/district-information/school-committee-members/agenda
https://frrsd.org/district-information/school-committee-members/approved-minutes
https://www.frrsd.org",3,208,"https://frrsd.org/district-information/school-committee-members/agenda (193)
https://frrsd.org/district-information/school-committee-members/approved-minutes (10)
https://www.frrsd.org (5)",3
424,Foxborough,http://www.foxborough.k12.ma.us,"https://video.fcatv.org/videoscategory/school-committee
https://www.foxborough.k12.ma.us/cms/One.aspx?portalId=1548092&pageId=6857723#
https://www.foxborough.k12.ma.us/school_committee/2025-2026_operating_protocols
https://www.foxborough.k12.ma.us/school_committee/StreamingVideoLibrary",4,41,https://www.foxborough.k12.ma.us/cms/One.aspx?portalId=1548092&pageId=6857723# (41),1
474,Francis W. Parker Charter Essential (District),https://www.theparkerschool.org,"https://app2.boardontrack.com/public/AZLeOG/home
https://app2.boardontrack.com/public/AZLeOG/meetingsList
https://app2.boardontrack.com/public/AZLeOG/year?syid=2025-07&et=b
https://app2.boardontrack.com/public/AZLeOG/year?syid=2025-07&et=c
https://www.theparkerschool.org/about/board-trustees
https://www.theparkerschool.org/about/documents-and-records",6,0,,0
484,Frontier,https://www.frsu38.org,"https://drive.google.com/drive/folders/18yB5Fx-j5Vr4d-tyxoV1wu-ChVuubtxe?usp=drive_link
https://drive.google.com/drive/folders/1pfmXFA3N_uhITGLnBB59RKSjKeiL5nqo
https://drive.google.com/drive/folders/1tPUDrqzrRu1u2MGfAe73AO2hw38DLnEt?usp=drive_link
https://drive.google.com/drive/folders/1Zd6FkLSGmMFlM4DbOZe1qZHeFmxKo0_g?usp=sharing
https://www.frsu38.org/frontier-regional-school-committee",5,38,"https://drive.google.com/drive/folders/1pfmXFA3N_uhITGLnBB59RKSjKeiL5nqo (4)
https://drive.google.com/drive/folders/1tPUDrqzrRu1u2MGfAe73AO2hw38DLnEt?usp=drive_link (29)
https://www.frsu38.org/frontier-regional-school-committee (5)",3
425,Gardner,https://www.gardnerk12.org,https://www.gardnerk12.org/AgendaCenter/School-Committee-30,1,0,,0
485,Gateway,https://www.grsd.org,https://www.grsd.org/school-committee,1,92,https://www.grsd.org/school-committee (92),1
426,Georgetown,https://georgetown.k12.ma.us,"https://georgetown.k12.ma.us/school-committee
https://www.georgetownma.gov/government/boards___commissions/school_committee/agendas___minutes.php",2,3,https://georgetown.k12.ma.us/school-committee (3),1
504,Greater Commonwealth Virtual District,https://www.gcvs.org,"https://drive.google.com/drive/folders/1qmCtK6rz4evPvzz0rx7B48nzvSehWb5F?usp=drive_link
https://drive.google.com/drive/folders/1WyDJ63QIpYGbH3HLvuUM_6iso3X0jIst?usp=sharing
https://www.gcvs.org/board-of-trustees",3,126,"https://drive.google.com/drive/folders/1qmCtK6rz4evPvzz0rx7B48nzvSehWb5F?usp=drive_link (24)
https://drive.google.com/drive/folders/1WyDJ63QIpYGbH3HLvuUM_6iso3X0jIst?usp=sharing (92)
https://www.gcvs.org/board-of-trustees (10)",3
500,Greater Fall River Regional Vocational Technical,https://www.dimanregional.org,https://www.dimanregional.org/about/school-committee,1,146,https://www.dimanregional.org/about/school-committee (146),1
477,Hampden Charter School of Science (District),http://www.hampdencharter.org,https://www.hampdencharter.org/welcome,1,2,https://www.hampdencharter.org/welcome (2),1
486,Hampden-Wilbraham,https://www.hwrsd.org,"https://drive.google.com/drive/folders/14zsSm1joa7Xb9S39SUChHQHq3aLgQ4_a
https://drive.google.com/drive/folders/1g2bEBKJPT2eXO9qGBhZqDlLHXBajR8Xh
https://drive.google.com/file/d/1DfPpcr1FjTIDaBFJzCJj1aCWMBhoZvrF/view
https://www.hwrsd.org/departments/school-committee",4,390,"https://drive.google.com/drive/folders/14zsSm1joa7Xb9S39SUChHQHq3aLgQ4_a (171)
https://drive.google.com/drive/folders/1g2bEBKJPT2eXO9qGBhZqDlLHXBajR8Xh (218)
https://drive.google.com/file/d/1DfPpcr1FjTIDaBFJzCJj1aCWMBhoZvrF/view (1)",3
487,Hampshire,https://www.hr-k12.org,"https://drive.google.com/drive/folders/11SaydKzrG5NxtCiZGQZ9uFP1gXjvOnx4
https://drive.google.com/drive/folders/13svmNcTthBVZ4EzABV9ySe0Flz1VN8fM
https://drive.google.com/drive/folders/15tDEMfyZIGayycWBPljcP_pX-ZIPjk9K
https://drive.google.com/drive/folders/1eHJy-swbS-jXhw_njjWVuzAebcmAFCu0?usp=sharing
https://www.hr-k12.org/en-US/pages/b42d6ee5-8b59-4139-b5f0-474db071bcc6",5,715,https://www.hr-k12.org/en-US/pages/b42d6ee5-8b59-4139-b5f0-474db071bcc6 (715),1
427,Hatfield,http://www.hatfieldps.net,"http://www.hatfieldps.net/apps/pages/index.jsp?uREC_ID=559475&type=d
http://www.hatfieldps.net/apps/pages/index.jsp?uREC_ID=559475&type=d&termREC_ID=&pREC_ID=1195505
http://www.hatfieldps.net/apps/pages/index.jsp?uREC_ID=559475&type=d&termREC_ID=&pREC_ID=1195506",3,3,http://www.hatfieldps.net/apps/pages/index.jsp?uREC_ID=559475&type=d (3),1
488,Hawlemont,https://www.mtrsd.org/,"https://drive.google.com/drive/folders/1wVDjey1bs74EQH87mmFcpMG33QmEch4N
https://sites.google.com/a/mohawkschools.org/hawlemont-school-committee/meeting-recordings
https://sites.google.com/a/mohawkschools.org/mohawk-school-committee/agendas
https://sites.google.com/a/mohawkschools.org/mohawk-school-committee/meeting-recordings
https://sites.google.com/a/mohawkschools.org/mohawk-school-committee/minutes
https://www.mtrsd.org/school-committees",6,16,"https://drive.google.com/drive/folders/1wVDjey1bs74EQH87mmFcpMG33QmEch4N (12)
https://sites.google.com/a/mohawkschools.org/hawlemont-school-committee/meeting-recordings (1)
https://sites.google.com/a/mohawkschools.org/mohawk-school-committee/meeting-recordings (3)",3
471,Hill View Montessori Charter Public (District),https://www.hillviewmontessori.org,"https://app2.boardontrack.com/public/GqCfpR/home
https://drive.google.com/drive/folders/1m-SP64oklrMaZ3-Dau2dnr9KoSRIn57x
https://www.hillviewmontessori.org/boardoftrustees",3,85,https://drive.google.com/drive/folders/1m-SP64oklrMaZ3-Dau2dnr9KoSRIn57x (85),1
428,Holliston,https://www.holliston.k12.ma.us,"https://www.holliston.k12.ma.us/about/newsletters
https://www.holliston.k12.ma.us/about/school-committee
https://www.holliston.k12.ma.us/about/school-committee/20242025-archived-newsletters",3,52,"https://www.holliston.k12.ma.us/about/school-committee (48)
https://www.holliston.k12.ma.us/about/school-committee/20242025-archived-newsletters (2)
https://www.holliston.k12.ma.us/about/school-committee/special-election-override (2)",3
429,Hopedale,https://www.hopedaleschools.org,"https://www.hopedaleschools.org/documents/school-committee/agendas/326492
https://www.hopedaleschools.org/documents/school-committee/minutes/326469
https://www.hopedaleschools.org/page/school-committee",3,45,https://www.hopedaleschools.org/page/school-committee (45),1
430,Hull,https://www.hullpublicschools.org/,"https://www.hullpublicschools.org/apps/pages/index.jsp?uREC_ID=4444280&type=d&pREC_ID=2682727
https://www.hullpublicschools.org/apps/pages/index.jsp?uREC_ID=4444280&type=d&pREC_ID=2682913
https://www.hullpublicschools.org/apps/pages/index.jsp?uREC_ID=4444280&type=d&pREC_ID=2682929",3,286,"https://www.hullpublicschools.org/apps/pages/index.jsp?uREC_ID=4444280&type=d&pREC_ID=2682913 (147)
https://www.hullpublicschools.org/apps/pages/index.jsp?uREC_ID=4444280&type=d&pREC_ID=2682929 (139)",2
470,Innovation Academy Charter (District),https://www.innovationcharter.org,"https://drive.google.com/drive/folders/0B3DdUkk4N5Mxb2l4Wk9fUDJmVTQ?resourcekey=0-0njVB9dyvn9xOY0k1cOFsg
https://www.innovationcharter.org/about-iacs/board-committees/meetings",2,0,,0
431,Ipswich,http://www.ipsk12.net,"https://www.ipsk12.net/school-committee/agendas-minutes-and-folders/agendas
https://www.ipsk12.net/school-committee/agendas-minutes-and-folders/minutes
http://www.ipsk12.net/school-committee/agendas-minutes-and-folders
http://www.ipsk12.net/school-committee/ipswich-school-committee/meeting-schedule",4,144,"https://www.ipsk12.net/school-committee/agendas-minutes-and-folders/agendas (71)
https://www.ipsk12.net/school-committee/agendas-minutes-and-folders/minutes (72)
http://www.ipsk12.net/school-committee/agendas-minutes-and-folders (1)",3
475,Learning First Charter Public School (District),https://learningfirstcharter.org,"https://4.files.edl.io/6274/04/27/26/170715-d9ba0212-91bb-4c32-b7c2-5e14cf2ce33f.pdf
https://learningfirstcharter.org/apps/pages/index.jsp?uREC_ID=4376421&type=d&pREC_ID=2579523",2,1,https://learningfirstcharter.org/apps/pages/index.jsp?uREC_ID=4376421&type=d&pREC_ID=2579523 (1),1
432,Lee,https://www.leepublicschools.net,"https://drive.google.com/drive/folders/0B0LYbpc8AC8ESDlYZEdzeG1YeGM?resourcekey=0-lCeXL6kTfFw04TPyx9DQXA
https://drive.google.com/drive/folders/0B0LYbpc8AC8ESjl0T3YtajlaYWs?resourcekey=0-x7HudL_YPk4v1qJAqQejMQ
https://drive.google.com/drive/folders/17RRDw7ems6j_D5Kz3ZRQDO2Teedpr93y?usp=drive_link
https://drive.google.com/drive/folders/18slIBIs2mYC4sX1WR3-78L53t4Tj6Mwg?usp=drive_link
https://drive.google.com/drive/folders/1ABfCx7E3gy8L2j-3x8DEEHFCoCsX9-xD?usp=drive_link
https://drive.google.com/drive/folders/1bvR1WPtTaQJQv83xtSzyRi6uFL__s9f-?usp=drive_link
https://drive.google.com/drive/folders/1e4wssgIZ0TEuVe8DWQLx8wLnhvVDms1g?usp=drive_link
https://drive.google.com/drive/folders/1NSqm3QYNayjgJ5BbWaVXNNIdqFh-RnoR?usp=drive_link
https://drive.google.com/drive/folders/1pag8etCyZXK2WpS4thIzAJgcjcNTZWBT?usp=drive_link
https://drive.google.com/drive/folders/1qK1rOLQIZAkjqkUZbUJOp5UN9lle7YMX?usp=drive_link
https://drive.google.com/drive/folders/1UccxQKtmD6h3T1jPd6PRC8ZBhmGpKTnP?usp=drive_link
https://drive.google.com/drive/folders/1zrh72SLcI9cfNjkhXnvQwsxFgtRAPz8e?usp=drive_link
https://www.leepublicschools.net/pages/f029fb77-db7e-4cd9-973b-c8dacbb8cb51",13,15,https://www.leepublicschools.net/pages/f029fb77-db7e-4cd9-973b-c8dacbb8cb51 (15),1
433,Leicester,https://www.leicester.k12.ma.us,https://www.leicester.k12.ma.us/SC/school_committee_mtg_agenda___minutes,1,3,https://www.leicester.k12.ma.us/SC/school_committee_mtg_agenda___minutes (3),1
434,Lexington,https://www.lexingtonma.org/,"https://docs.google.com/document/d/1aOXgdGLHRPyj5PP-IqBAaJ22WMieSSxxie2lCfCDHnw/edit?usp=sharing
https://docs.google.com/document/d/1KVckXF3aGTFF5xEZ3gJHUS10gaK96vXR2G89dRK4ZYo/edit?usp=sharing
https://docs.google.com/document/d/1wngAO9WwwrtffXxnnJBDtTbObIcMUVp8jbXHE3TZKTI/edit?usp=sharing
https://docs.google.com/document/d/1YTafAln0LxK0UekseK1jCn0HDg0-EsooAXMKwU_ypag/edit?usp=sharing
https://docs.google.com/document/d/1Z98-kUifLD7RDvyTmN9bjRcNEoL_GQ2ikdQZGBLpZrA/edit?usp=sharing
https://www.lexingtonma.org/lps-school-committee",6,0,,0
435,Lynnfield,http://www.lynnfield.k12.ma.us,"https://docs.google.com/document/d/1DqKiMzvGyl0JJkbQxidJ_utk9zImF1QPlsV--S-rddE/edit?tab=t.0
https://docs.google.com/document/d/1GBFUYDF03aaP-3bqcnPdHtlibi6ry42qUzKqvb6rSVQ/edit?tab=t.0
https://docs.google.com/document/d/1lFdVSGubVReXKqk6suUwHB2WmcHasb7ZGdmh92Y8qn8/edit?usp=sharing
http://www.lynnfield.k12.ma.us/pages/9be46b89-ebe5-4169-a910-d2c36fe039d0
http://www.lynnfield.k12.ma.us/school-committee-a905c1e5",5,4,"http://www.lynnfield.k12.ma.us/pages/9be46b89-ebe5-4169-a910-d2c36fe039d0 (3)
http://www.lynnfield.k12.ma.us/school-committee-a905c1e5 (1)",2
436,Marlborough,https://www.mps-edu.org,"https://www.mps-edu.org/o/mps/page/school-committee-meeting-agendas-minutesvideos
https://www.mps-edu.org/o/mps/page/school-committee-meeting-agendasminutesvideos-2023-2024
https://www.mps-edu.org/o/mps/page/school-committee-meeting-agendasminutesvideos-2024-2025
https://www.mps-edu.org/o/mps/page/school-committee-meeting-agendasminutesvideos-2025-2026
https://www.mps-edu.org/page/school-committee
https://www.mps-edu.org/page/school-committee-meeting-agendasminutesvideos-2026-2027",6,1,https://www.mps-edu.org/o/mps/page/school-committee-meeting-agendasminutesvideos-2025-2026 (1),1
437,Marshfield,http://www.mpsd.org,"https://www.mpsd.org/documents/school-committee/2023-2024-agendas/22678683
https://www.mpsd.org/documents/school-committee/2023-2024-minutes/22678686
https://www.mpsd.org/documents/school-committee/2024-2025-agendas/22678694
https://www.mpsd.org/documents/school-committee/2024-2025-minutes/22678697
https://www.mpsd.org/documents/school-committee/2025-2026-agendas/22678700
https://www.mpsd.org/documents/school-committee/2025-2026-minutes/22678702
https://www.mpsd.org/documents/school-committee/2026-2027-agendas/28339525
https://www.mpsd.org/documents/school-committee/22678613
https://www.mpsd.org/documents/school-committee/important-information/334634",9,149,"https://www.mpsd.org/documents/school-committee/2023-2024-agendas/22678683 (24)
https://www.mpsd.org/documents/school-committee/2023-2024-minutes/22678686 (21)
https://www.mpsd.org/documents/school-committee/2024-2025-agendas/22678694 (23)
https://www.mpsd.org/documents/school-committee/2024-2025-minutes/22678697 (19)
https://www.mpsd.org/documents/school-committee/2025-2026-agendas/22678700 (25)
https://www.mpsd.org/documents/school-committee/2025-2026-minutes/22678702 (16)
https://www.mpsd.org/documents/school-committee/2026-2027-agendas/28339525 (1)
https://www.mpsd.org/documents/school-committee/22678613 (2)
https://www.mpsd.org/documents/school-committee/important-information/334634 (18)",9
489,Masconomet,https://www.masconomet.org,"https://www.masconomet.org
https://www.masconomet.org/school-committee/meeting-agenda-minutes-documents/minutes-agendas-and-documents
https://www.masconomet.org/school-committee/subcommittees/community-relations
https://www.masconomet.org/school-committee/subcommittees/district-capital-improvementbudget
https://www.masconomet.org/school-committee/subcommittees/negotiations
https://www.masconomet.org/school-committee/subcommittees/policy
https://www.masconomet.org/school-committee/subcommittees/superintendent-search
https://www.masconomet.org/school-committee/subcommittees/town-liaisons
https://www.masconomet.org/school-committee/subcommittees/views-on-climate-and-learning-vocal",9,507,"https://www.masconomet.org/about-out-district/district-report-card/2023-district-report-card (1)
https://www.masconomet.org/about-out-district/vision-2025 (3)
https://www.masconomet.org/calendar-fa (3)
https://www.masconomet.org/departments/athletics/resources (2)
https://www.masconomet.org/departments/business-computer-ed/department-homepage (1)
https://www.masconomet.org/departments/wellness/department-homepage (2)
https://www.masconomet.org/departments/wellness/vaping-cessation-resources (1)
https://www.masconomet.org/district-offices/human-resources/staff-forms-and-agreements (7)
https://www.masconomet.org/district-offices/teaching-and-learning/educator-evaluation (3)
https://www.masconomet.org/district-offices/teaching-and-learning/professional-development/pd-partners (3)
https://www.masconomet.org/district-offices/transportation (1)
https://www.masconomet.org/district-offices/use-of-facilities/use-of-facilities (1)
https://www.masconomet.org/masco-planning/fy26-masconomet-budget (1)
https://www.masconomet.org/masco-planning/masconomet-capital-improvement-plan (9)
https://www.masconomet.org/masco-planning/masconomet-strategic-plan-2023-2028 (1)
https://www.masconomet.org/masco-planning/portrait-of-a-learner-competencies (1)
https://www.masconomet.org/school-committee/meeting-agenda-minutes-documents/minutes-agendas-and-documents (186)
https://www.masconomet.org/school-committee/meeting-schedule (4)
https://www.masconomet.org/school-committee/subcommittees (2)
https://www.masconomet.org/school-committee/subcommittees/community-relations (71)
https://www.masconomet.org/school-committee/subcommittees/district-capital-improvementbudget (64)
https://www.masconomet.org/school-committee/subcommittees/negotiations (30)
https://www.masconomet.org/school-committee/subcommittees/policy (49)
https://www.masconomet.org/school-committee/subcommittees/superintendent-search (24)
https://www.masconomet.org/school-committee/subcommittees/turf-field-task-force (8)
https://www.masconomet.org/school-committee/subcommittees/views-on-climate-and-learning-vocal (29)",26
438,Maynard,https://www.maynard.k12.ma.us,"https://www.maynard.k12.ma.us/documents/school-committee/25070188
https://www.maynard.k12.ma.us/documents/school-committee/agenda/2023-2024-sc-agendas/25070297
https://www.maynard.k12.ma.us/documents/school-committee/agenda/2024-2025-sc-agendas(1)/25070301
https://www.maynard.k12.ma.us/documents/school-committee/agenda/2024-2025-sc-agendas/25070298
https://www.maynard.k12.ma.us/documents/school-committee/agenda/2025-2026-sc-agendas/25070306
https://www.maynard.k12.ma.us/documents/school-committee/agenda/2026-2027-sc-agendas/28328224
https://www.maynard.k12.ma.us/documents/school-committee/minutes/2023-2024-sc-minutes/25070256
https://www.maynard.k12.ma.us/documents/school-committee/minutes/2024-2025-sc-minutes/25070257
https://www.maynard.k12.ma.us/documents/school-committee/minutes/2025-2026-sc-minutes/25070260
https://www.maynard.k12.ma.us/o/maynard-public-schools/browse/24423
https://www.maynard.k12.ma.us/o/maynard-public-schools/browse/24431",11,229,"https://www.maynard.k12.ma.us/documents/school-committee/25070188 (2)
https://www.maynard.k12.ma.us/documents/school-committee/agenda/2023-2024-sc-agendas/25070297 (69)
https://www.maynard.k12.ma.us/documents/school-committee/agenda/2024-2025-sc-agendas(1)/25070301 (60)
https://www.maynard.k12.ma.us/documents/school-committee/agenda/2025-2026-sc-agendas/25070306 (41)
https://www.maynard.k12.ma.us/documents/school-committee/agenda/2026-2027-sc-agendas/28328224 (2)
https://www.maynard.k12.ma.us/documents/school-committee/minutes/2023-2024-sc-minutes/25070256 (22)
https://www.maynard.k12.ma.us/documents/school-committee/minutes/2024-2025-sc-minutes/25070257 (19)
https://www.maynard.k12.ma.us/documents/school-committee/minutes/2025-2026-sc-minutes/25070260 (14)",8
439,Medfield,https://www.medfield.net,"https://files-backend.assets.thrillshare.com/documents/asset/uploaded_file/775/Medfield_Public_Schools/63bd39d0-abc7-4f8f-9455-dafb74473e5b/Approved-2026-2027-School-Committee-Meeting.pdf?disposition=inline
https://www.medfield.net/documents/school-committee/agendas/2023---2024/25595296
https://www.medfield.net/documents/school-committee/agendas/2024---2025/25595301
https://www.medfield.net/documents/school-committee/agendas/2025---2026/25595306
https://www.medfield.net/documents/school-committee/agendas/67053
https://www.medfield.net/documents/school-committee/minutes/2023-2024/25595360
https://www.medfield.net/documents/school-committee/minutes/2024-2025/25595368
https://www.medfield.net/documents/school-committee/minutes/2025-2026/25595375
https://www.medfield.net/documents/school-committee/minutes/25595312
https://www.medfield.net/documents/school-committee/school-committee-meeting-dates/25596155
https://www.medfield.net/documents/school-committee/school-committee-meeting-documents/25595394
https://www.youtube.com/playlist?list=PLypOllJHc4M2EgOMD_XarFqL3EXJi8KCv",12,133,"https://www.medfield.net/documents/school-committee/agendas/2023---2024/25595296 (30)
https://www.medfield.net/documents/school-committee/agendas/2024---2025/25595301 (17)
https://www.medfield.net/documents/school-committee/agendas/2025---2026/25595306 (24)
https://www.medfield.net/documents/school-committee/minutes/2023-2024/25595360 (25)
https://www.medfield.net/documents/school-committee/minutes/2024-2025/25595368 (17)
https://www.medfield.net/documents/school-committee/minutes/2025-2026/25595375 (18)
https://www.medfield.net/documents/school-committee/school-committee-meeting-dates/25596155 (2)",7
490,Mendon-Upton,https://www.mursd.org,"https://www.mursd.org/documents/school-committee/agendas-and-minutes/school-year-2023-2024/budget-subcommittee-2023-2024/22509498
https://www.mursd.org/documents/school-committee/agendas-and-minutes/school-year-2023-2024/capital-planning-subcommittee-2023-2024/22509501
https://www.mursd.org/documents/school-committee/agendas-and-minutes/school-year-2023-2024/golden-apple-subcommittee-2023-2024/22509511
https://www.mursd.org/documents/school-committee/agendas-and-minutes/school-year-2023-2024/negotiations-subcommittee--2023-2024/22509504
https://www.mursd.org/documents/school-committee/agendas-and-minutes/school-year-2023-2024/policy-subcommittee-2023-2024/22509500
https://www.mursd.org/documents/school-committee/agendas-and-minutes/school-year-2023-2024/school-committee-meetings-2023-2024/22509508
https://www.mursd.org/documents/school-committee/agendas-and-minutes/school-year-2023-2024/superintendent-evaluation-subcommittee-2023-2024/22509506
https://www.mursd.org/documents/school-committee/agendas-and-minutes/school-year-2024-2025/budget-subcommittee-2024-2025/22509522
https://www.mursd.org/documents/school-committee/agendas-and-minutes/school-year-2024-2025/building-committee-2024-2025/22509537
https://www.mursd.org/documents/school-committee/agendas-and-minutes/school-year-2024-2025/capital-planning-subcommittee-2024-2025/22509519
https://www.mursd.org/documents/school-committee/agendas-and-minutes/school-year-2024-2025/golden-apple-subcommittee-2024-2025/22509531
https://www.mursd.org/documents/school-committee/agendas-and-minutes/school-year-2024-2025/multi-board-subcommittee-2024-2025/22509549
https://www.mursd.org/documents/school-committee/agendas-and-minutes/school-year-2024-2025/policy-subcommittee-2024-2025/22509518
https://www.mursd.org/documents/school-committee/agendas-and-minutes/school-year-2024-2025/school-committee-meetings-2024-2025/22509517
https://www.mursd.org/documents/school-committee/agendas-and-minutes/school-year-2024-2025/school-committee-workshop-2024-2025/22509545
https://www.mursd.org/documents/school-committee/agendas-and-minutes/school-year-2024-2025/superintendent-evaluation-subcommittee-2024-2025/22509523
https://www.mursd.org/documents/school-committee/agendas-and-minutes/school-year-2025-2026/840247
https://www.mursd.org/documents/school-committee/agendas-and-minutes/school-year-2025-2026/budget-subcommittee-meetings--2025-2026/22509573
https://www.mursd.org/documents/school-committee/agendas-and-minutes/school-year-2025-2026/building-committee-meetings-2025-2026/22509558
https://www.mursd.org/documents/school-committee/agendas-and-minutes/school-year-2025-2026/policy-subcommittee-meetings-2025-2026/22509564
https://www.mursd.org/documents/school-committee/agendas-and-minutes/school-year-2025-2026/school-committee--meetings-2025-2026/22509555
https://www.mursd.org/documents/school-committee/agendas-and-minutes/school-year-2025-2026/superintendent-evaluation-meetings-2025-2026/22509574",22,213,"https://www.mursd.org/documents/school-committee/agendas-and-minutes/school-year-2023-2024/budget-subcommittee-2023-2024/22509498 (5)
https://www.mursd.org/documents/school-committee/agendas-and-minutes/school-year-2023-2024/capital-planning-subcommittee-2023-2024/22509501 (7)
https://www.mursd.org/documents/school-committee/agendas-and-minutes/school-year-2023-2024/golden-apple-subcommittee-2023-2024/22509511 (1)
https://www.mursd.org/documents/school-committee/agendas-and-minutes/school-year-2023-2024/negotiations-subcommittee--2023-2024/22509504 (17)
https://www.mursd.org/documents/school-committee/agendas-and-minutes/school-year-2023-2024/policy-subcommittee-2023-2024/22509500 (4)
https://www.mursd.org/documents/school-committee/agendas-and-minutes/school-year-2023-2024/school-committee-meetings-2023-2024/22509508 (38)
https://www.mursd.org/documents/school-committee/agendas-and-minutes/school-year-2023-2024/superintendent-evaluation-subcommittee-2023-2024/22509506 (2)
https://www.mursd.org/documents/school-committee/agendas-and-minutes/school-year-2024-2025/budget-subcommittee-2024-2025/22509522 (4)
https://www.mursd.org/documents/school-committee/agendas-and-minutes/school-year-2024-2025/building-committee-2024-2025/22509537 (7)
https://www.mursd.org/documents/school-committee/agendas-and-minutes/school-year-2024-2025/capital-planning-subcommittee-2024-2025/22509519 (4)
https://www.mursd.org/documents/school-committee/agendas-and-minutes/school-year-2024-2025/golden-apple-subcommittee-2024-2025/22509531 (1)
https://www.mursd.org/documents/school-committee/agendas-and-minutes/school-year-2024-2025/multi-board-subcommittee-2024-2025/22509549 (2)
https://www.mursd.org/documents/school-committee/agendas-and-minutes/school-year-2024-2025/policy-subcommittee-2024-2025/22509518 (11)
https://www.mursd.org/documents/school-committee/agendas-and-minutes/school-year-2024-2025/school-committee-meetings-2024-2025/22509517 (38)
https://www.mursd.org/documents/school-committee/agendas-and-minutes/school-year-2024-2025/school-committee-workshop-2024-2025/22509545 (1)
https://www.mursd.org/documents/school-committee/agendas-and-minutes/school-year-2024-2025/superintendent-evaluation-subcommittee-2024-2025/22509523 (2)
https://www.mursd.org/documents/school-committee/agendas-and-minutes/school-year-2025-2026/budget-subcommittee-meetings--2025-2026/22509573 (6)
https://www.mursd.org/documents/school-committee/agendas-and-minutes/school-year-2025-2026/building-committee-meetings-2025-2026/22509558 (17)
https://www.mursd.org/documents/school-committee/agendas-and-minutes/school-year-2025-2026/policy-subcommittee-meetings-2025-2026/22509564 (8)
https://www.mursd.org/documents/school-committee/agendas-and-minutes/school-year-2025-2026/school-committee--meetings-2025-2026/22509555 (36)
https://www.mursd.org/documents/school-committee/agendas-and-minutes/school-year-2025-2026/superintendent-evaluation-meetings-2025-2026/22509574 (2)",21
440,Middleborough,https://www.middleboro.k12.ma.us,"https://drive.google.com/drive/folders/1-UQ9ji-Pa3VbwFtNnkQrFElRcdgszBG6?usp=sharing
https://www.middleboro.k12.ma.us
https://www.middleboroughtv.com/category/video/school-committee/",3,416,"https://drive.google.com/drive/folders/1-UQ9ji-Pa3VbwFtNnkQrFElRcdgszBG6?usp=sharing (245)
https://www.middleboro.k12.ma.us (2)
https://www.middleboro.k12.ma.us/community/facility-rental/rental-application (1)
https://www.middleboro.k12.ma.us/community/facility-rental/rental-fees-costs (2)
https://www.middleboro.k12.ma.us/our-district (1)
https://www.middleboro.k12.ma.us/our-district/business-finance/bids (6)
https://www.middleboro.k12.ma.us/our-district/business-finance/budget/fy-2025-2026-budget-booklet-clone (8)
https://www.middleboro.k12.ma.us/our-district/curriculum-instruction/english-for-speakers-of-other-languages-program (15)
https://www.middleboro.k12.ma.us/our-district/curriculum-instruction/english-for-speakers-of-other-languages-program/ell-progress-reports (57)
https://www.middleboro.k12.ma.us/our-district/curriculum-instruction/homeschool (1)
https://www.middleboro.k12.ma.us/our-district/department-of-special-education/specialized-transportation (1)
https://www.middleboro.k12.ma.us/our-district/food-service/meal-modification (1)
https://www.middleboro.k12.ma.us/our-district/health-service/helpful-links (1)
https://www.middleboro.k12.ma.us/our-district/health-service/medical-forms (1)
https://www.middleboro.k12.ma.us/our-district/health-service/policies-and-protocols (6)
https://www.middleboro.k12.ma.us/our-district/human-resources/human-resource-forms (5)
https://www.middleboro.k12.ma.us/our-district/human-resources/mandatory-training-for-staff (22)
https://www.middleboro.k12.ma.us/our-district/one-middleborough (3)
https://www.middleboro.k12.ma.us/our-district/report-cards (10)
https://www.middleboro.k12.ma.us/our-district/school-committee/public-participation-at-school-committee-meetings (1)
https://www.middleboro.k12.ma.us/our-district/student-services/social-emotional-learning-sel/panorama/student-competency-well-being-measures-survey-grades-3-5 (2)
https://www.middleboro.k12.ma.us/our-district/supt-office/superintendent-search-2026 (2)
https://www.middleboro.k12.ma.us/our-district/technology-dept/connecting-your-school-windows-device-to-your-home-wifi (1)
https://www.middleboro.k12.ma.us/our-district/technology-dept/learn-about-your-device (2)
https://www.middleboro.k12.ma.us/our-district/technology-dept/printing-with-papercut (1)
https://www.middleboro.k12.ma.us/our-district/technology-dept/tech-tips/digital-learning/google-suite-for-education (1)
https://www.middleboro.k12.ma.us/our-district/technology-dept/tech-toolbox/webinars-resources/setting-up-classroom-phones-brightlinks-and-document-camera (1)
https://www.middleboro.k12.ma.us/our-district/technology-dept/updating-contact-information-in-aspen (1)
https://www.middleboro.k12.ma.us/students-sevices/bullying-harrassment-descrimination (1)
https://www.middleboro.k12.ma.us/students-sevices/bullying-harrassment-descrimination/interim-addendum-for-parents-and-guardians-and-student-handbooks (1)
https://www.middleboro.k12.ma.us/students-sevices/bullying-harrassment-descrimination/introduction-to-the-anti-bullying-law (1)
https://www.middleboro.k12.ma.us/students-sevices/calendars-a-glace (1)
https://www.middleboro.k12.ma.us/students-sevices/extended-learning-homepage (1)
https://www.middleboro.k12.ma.us/students-sevices/extended-learning-homepage/zoom-as-a-participant (1)
https://www.middleboro.k12.ma.us/students-sevices/handbooks (3)
https://www.middleboro.k12.ma.us/students-sevices/parents-guardian-help-center/reading-3rd-grade-5th-grade (1)
https://www.middleboro.k12.ma.us/students-sevices/parents-guardian-help-center/reading-kindergarten-2nd-grade (1)
https://www.middleboro.k12.ma.us/students-sevices/parents-guardian-help-center/writing-3rd-grade-5th-grade (1)
https://www.middleboro.k12.ma.us/students-sevices/parents-guardian-help-center/writing-kindergarten-2nd-grade (1)
https://www.middleboro.k12.ma.us/students-sevices/student-accident-medical-insurence (1)
https://www.middleboro.k12.ma.us/students-sevices/student-registration (1)
https://www.middleboro.k12.ma.us/students-sevices/student-registration/school-assignments-by-street (1)",42
441,Milton,https://www.miltonps.org,"https://www.miltonps.org
https://www.miltonps.org/documents/school-committee/school-committee-minutes/647544
https://www.miltonps.org/o/mps/page/school-committee-meetings
https://www.miltonps.org/o/mps/page/school-committee-meetings-copy
https://www.miltonps.org/page/sc-agenda",5,30,"https://www.miltonps.org/documents/mps-one-page-calendar/24637636 (2)
https://www.miltonps.org/documents/school-committee/sc-policies/647600 (13)
https://www.miltonps.org/documents/school-committee/sc-presentations/647606 (1)
https://www.miltonps.org/o/mps/page/mps-back-to-school-2026 (1)
https://www.miltonps.org/page/community-schools (2)
https://www.miltonps.org/page/englishlanguagearts (2)
https://www.miltonps.org/page/food-services (2)
https://www.miltonps.org/page/preschool (3)
https://www.miltonps.org/page/school-counseling (2)
https://www.miltonps.org/page/superintendent (1)
https://www.miltonps.org/page/transportation (1)",11
491,Mohawk Trail,https://www.mtrsd.org/,"https://drive.google.com/drive/folders/1wVDjey1bs74EQH87mmFcpMG33QmEch4N
https://sites.google.com/a/mohawkschools.org/hawlemont-school-committee/meeting-recordings
https://sites.google.com/a/mohawkschools.org/mohawk-school-committee/agendas
https://sites.google.com/a/mohawkschools.org/mohawk-school-committee/meeting-recordings
https://sites.google.com/a/mohawkschools.org/mohawk-school-committee/minutes
https://www.mtrsd.org/school-committees",6,16,"https://drive.google.com/drive/folders/1wVDjey1bs74EQH87mmFcpMG33QmEch4N (12)
https://sites.google.com/a/mohawkschools.org/hawlemont-school-committee/meeting-recordings (1)
https://sites.google.com/a/mohawkschools.org/mohawk-school-committee/meeting-recordings (3)",3
472,Mystic Valley Regional Charter (District),https://www.mvrcs.com,"https://www.mvrcs.com/apps/pages/index.jsp?uREC_ID=248982&type=d
https://www.mvrcs.com/ourpages/auto/2014/10/11/51899905/NOTICE%20OF%20ANNUAL%20MEETING%20June%20%2022%202026.pdf?rnd=1781736806393
https://www.mvrcs.com/ourpages/auto/2014/10/11/51899905/Notice%20of%20MVRCS%20Board%20Meeting%20October%2015%20%202025%20for%20October%2020%202025%20Meeting%20.pdf?rnd=1760539099097",3,0,,0
442,Nantucket,https://www.npsk.org,https://www.npsk.org/school-committee/agendas-minutes,1,0,,0
492,Narragansett,https://www.nrsd.org,https://go.boarddocs.com/ma/nrsd/Board.nsf/Public,1,0,,0
493,Nashoba,https://www.nrsd.net,https://www.nrsd.net/documents/school-committee/23858960,1,2,https://www.nrsd.net/documents/school-committee/23858960 (2),1
443,Natick,https://www.natickps.org,"https://files-backend.assets.thrillshare.com/documents/asset/uploaded_file/4910/Nps/9d43ac24-72db-4d5a-a5fe-9f635ac25091/2025-2026_SCHOOL_COMMITTEE_MEETINGS_.docx__2__.pdf?disposition=inline
https://www.natickps.org/documents/school-committee/24282560
https://www.natickps.org/documents/school-committee/memorial-school-building-committee-(msbc)-documents/24282720
https://www.natickps.org/documents/school-committee/school-committee-policy-manual/24282533",4,33,"https://www.natickps.org/documents/school-committee/24282560 (2)
https://www.natickps.org/documents/school-committee/memorial-school-building-committee-(msbc)-documents/24282720 (18)
https://www.natickps.org/documents/school-committee/school-committee-policy-manual/24282533 (13)",3
503,Norfolk County Agricultural,https://www.norfolkaggie.org,"https://www.norfolkaggie.org/about-us
https://www.norfolkaggie.org/about-us/board-of-trustees
https://www.norfolkaggie.org/about-us/calendars",3,3,"https://www.norfolkaggie.org/about-us/board-of-trustees (2)
https://www.norfolkaggie.org/about-us/forms-policies-and-handbooks (1)",2
444,North Attleborough,https://www.naschools.net,"https://www.naschools.net/documents/our-district/school-committee/370187
https://www.naschools.net/documents/school-committee/minutes/22676255",2,1,https://www.naschools.net/documents/our-district/school-committee/370187 (1),1
445,Northbridge,https://www.nps.org,"https://northbridgetv.org/CablecastPublicSite/?channel=10
https://www.nps.org
https://www.nps.org/page/meeting-minutes
https://www.nps.org/page/sc-agendas",4,3,"https://www.nps.org (1)
https://www.nps.org/o/nps/page/budget-information (2)",2
446,North Brookfield,https://www.nbschools.org,"https://www.nbschools.org/apps/pages/index.jsp?uREC_ID=4255603&type=d&pREC_ID=2518107
https://www.nbschools.org/apps/pages/index.jsp?uREC_ID=4255615&type=d&pREC_ID=2518116",2,91,"https://www.nbschools.org/apps/pages/index.jsp?uREC_ID=4255603&type=d&pREC_ID=2518107 (1)
https://www.nbschools.org/apps/pages/index.jsp?uREC_ID=4255615&type=d&pREC_ID=2518116 (90)",2
494,North Middlesex,http://www.nmrsd.org,"https://www.youtube.com/playlist?list=PL9d0lQubEUXmSwx0JhU7-V1Xwqe0XuU8s
http://www.nmrsd.org/school-committee/meetings/meeting-recordings",2,0,,0
447,Norwell,https://www.norwellschools.org,"https://www.norwellschools.org/school-committee/members-meeting-information
https://www.norwellschools.org/school-committee/prior-year-school-committee-meeting-videos
https://www.norwellschools.org/school-committee/schedule",3,18,https://www.norwellschools.org/school-committee/members-meeting-information (18),1
448,Norwood,https://www.norwood.k12.ma.us,"https://www.norwood.k12.ma.us/sc
https://www.norwood.k12.ma.us/sc/schedule-and-minutes-2013-2014
https://www.norwood.k12.ma.us/sc/schedule-and-minutes-2014-2015
https://www.norwood.k12.ma.us/sc/schedule-and-minutes-2015-2016
https://www.norwood.k12.ma.us/sc/schedule-and-minutes-2016-2017
https://www.norwood.k12.ma.us/sc/schedule-and-minutes-2017-2018
https://www.norwood.k12.ma.us/sc/schedule-and-minutes-2018-2019
https://www.norwood.k12.ma.us/sc/schedule-and-minutes-2019-2020
https://www.norwood.k12.ma.us/sc/schedule-and-minutes-2020-2021
https://www.norwood.k12.ma.us/sc/schedule-and-minutes-2021-2022
https://www.norwood.k12.ma.us/sc/schedule-and-minutes-2022-2023
https://www.norwood.k12.ma.us/sc/schedule-and-minutes-2023-2024
https://www.norwood.k12.ma.us/sc/schedule-and-minutes-2024-2025
https://www.norwood.k12.ma.us/sc/schedule-and-minutes-2025-2026
https://www.norwood.k12.ma.us/sc/schedule-and-minutes-2026-2027
https://www.norwood.k12.ma.us/sc/schedules-minutes",16,0,,0
449,Pembroke,https://www.pembrokek12.org,"https://www.pembrokek12.org
https://www.pembrokek12.org/district/school-committee/minutes-of-the-psc
https://www.pembrokek12.org/district/school-committee/policy-sub-committee-meeting-minutes
https://www.pembrokek12.org/district/school-committee/school-committee-meeting-agendas",4,178,"https://www.pembrokek12.org (1)
https://www.pembrokek12.org/departments/student-services/bullying-prevention-and-intervention (4)
https://www.pembrokek12.org/district/district-policies/athletics-handbook (1)
https://www.pembrokek12.org/district/district-policies/handbooks (13)
https://www.pembrokek12.org/district/district-policies/school-committee-policy-manual (11)
https://www.pembrokek12.org/district/hobomock-air (4)
https://www.pembrokek12.org/district/school-committee/minutes-of-the-psc (69)
https://www.pembrokek12.org/district/school-committee/policy-sub-committee-meeting-minutes (2)
https://www.pembrokek12.org/district/school-committee/school-committee-meeting-agendas (73)",9
476,Pioneer Charter School of Science (District),https://www.pioneercss.org,"https://www.pioneercss.org/apps/pages/index.jsp?uREC_ID=281022&type=d
https://www.pioneercss.org/apps/pages/index.jsp?uREC_ID=515234&type=d",2,0,,0
495,Pioneer Valley,https://www.pvrsdk12.org,"https://drive.google.com/open?id=1BVHUNfBqTgjGNale0iW4kp1Dk3Uin8vnx2mhSTsUCU8
https://drive.google.com/open?id=1Y2NDEmfCpy7s5Bw2ax76aQYRmBaiz5BRxZxyCPEhTkw
https://www.pvrsdk12.org/school-committee/meetings-materials",3,0,,0
450,Plainville,http://www.plainville.k12.ma.us,"http://www.plainville.k12.ma.us/school-committee/school-committee-meeting-dates-agenda/2016-2017-meetings-agendas-and-minutes
http://www.plainville.k12.ma.us/school-committee/school-committee-meeting-dates-agenda/2017-2018-meetings-agendas-and-minutes
http://www.plainville.k12.ma.us/school-committee/school-committee-meeting-dates-agenda/2019-2020-meetings-agendas-minutes
http://www.plainville.k12.ma.us/school-committee/school-committee-meeting-dates-agenda/2020-2021-meetings-agendas-minutes
http://www.plainville.k12.ma.us/school-committee/school-committee-meeting-dates-agenda/2021-2022-meetings-agendas-minutes
http://www.plainville.k12.ma.us/school-committee/school-committee-meeting-dates-agenda/2022-2023-meetings-agendas-minutes
http://www.plainville.k12.ma.us/school-committee/school-committee-meeting-dates-agenda/2023-2024-meetings-agendas-minutes
http://www.plainville.k12.ma.us/school-committee/school-committee-meeting-dates-agenda/2024-2025-meetings-agendas-minutes
http://www.plainville.k12.ma.us/school-committee/school-committee-meeting-dates-agenda/2025-2026-meetings-agendas-minutes
http://www.plainville.k12.ma.us/school-committee/school-committee-meeting-dates-agenda/2026-2027-meetings-agendas-minutes",10,1,http://www.plainville.k12.ma.us/school-committee/school-committee-meeting-dates-agenda/2025-2026-meetings-agendas-minutes (1),1
451,Plymouth,https://www.plymouth.k12.ma.us,"https://www.plymouth.k12.ma.us/documents/district/school-committee/480241
https://www.plymouth.k12.ma.us/page/school-committee",2,5,https://www.plymouth.k12.ma.us/documents/district/school-committee/480241 (5),1
498,Quaboag Regional,https://www.quaboagrsd.org,"https://docs.google.com/document/d/136ey3U5mVDOo_K2Tbi86X18725pyRZIy/edit?usp=sharing&ouid=115358915884607093623&rtpof=true&sd=true
https://docs.google.com/document/d/1I852-11q0e1YUu_Xq6q2zUrReI64NWj1/edit?usp=sharing&ouid=114799213029061791404&rtpof=true&sd=true
https://docs.google.com/document/d/1R_ETv-MzJsiB_PGzmQT4j5bhlUc0LApS/edit?usp=sharing&ouid=114799213029061791404&rtpof=true&sd=true
https://www.quaboagrsd.org/district-depts/school-committee",4,14,https://www.quaboagrsd.org/district-depts/school-committee (14),1
452,Revere,https://www.reverek12.org,"http://reverema.iqm2.com/Citizens/Board/1048-Revere-School-Committee
https://www.reverek12.org
https://www.reverek12.org/apps/events/2026/8/18/47747614/?REC_ID=47747614&id=0
https://www.reverek12.org/apps/pages/index.jsp?uREC_ID=2191795&type=d&pREC_ID=2755634",4,268,"https://www.reverek12.org (5)
https://www.reverek12.org/apps/pages/index.jsp?uREC_ID=2191700&type=d&pREC_ID=2188790 (4)
https://www.reverek12.org/apps/pages/index.jsp?uREC_ID=2191700&type=d&pREC_ID=2188791 (5)
https://www.reverek12.org/apps/pages/index.jsp?uREC_ID=2191701&type=d&pREC_ID=2696134 (14)
https://www.reverek12.org/apps/pages/index.jsp?uREC_ID=2191737&type=d (3)
https://www.reverek12.org/apps/pages/index.jsp?uREC_ID=2191743&type=d (5)
https://www.reverek12.org/apps/pages/index.jsp?uREC_ID=2191745&type=d&pREC_ID=2188856 (1)
https://www.reverek12.org/apps/pages/index.jsp?uREC_ID=2191746&type=d&pREC_ID=2188862 (6)
https://www.reverek12.org/apps/pages/index.jsp?uREC_ID=2191746&type=d&pREC_ID=2188863 (12)
https://www.reverek12.org/apps/pages/index.jsp?uREC_ID=2191746&type=d&pREC_ID=2188870 (1)
https://www.reverek12.org/apps/pages/index.jsp?uREC_ID=2191746&type=d&pREC_ID=2254929 (3)
https://www.reverek12.org/apps/pages/index.jsp?uREC_ID=2191757&type=d&pREC_ID=2652406&tota11y=true (1)
https://www.reverek12.org/apps/pages/index.jsp?uREC_ID=2191795&type=d&pREC_ID=2188908 (1)
https://www.reverek12.org/apps/pages/index.jsp?uREC_ID=2191795&type=d&pREC_ID=2755634 (1)
https://www.reverek12.org/apps/pages/index.jsp?uREC_ID=2191797&type=d&pREC_ID=2188909 (1)
https://www.reverek12.org/apps/pages/index.jsp?uREC_ID=2191798&type=d&pREC_ID=2188912 (11)
https://www.reverek12.org/apps/pages/index.jsp?uREC_ID=2286580&type=d (1)
https://www.reverek12.org/apps/pages/index.jsp?uREC_ID=2318541&type=d&pREC_ID=2212947 (1)
https://www.reverek12.org/apps/pages/index.jsp?uREC_ID=2318541&type=d&pREC_ID=2212960 (27)
https://www.reverek12.org/apps/pages/index.jsp?uREC_ID=2318541&type=d&pREC_ID=2224472 (1)
https://www.reverek12.org/apps/pages/index.jsp?uREC_ID=2318541&type=d&pREC_ID=2278166 (1)
https://www.reverek12.org/apps/pages/index.jsp?uREC_ID=2318541&type=d&pREC_ID=2368521 (2)
https://www.reverek12.org/apps/pages/index.jsp?uREC_ID=2318541&type=d&pREC_ID=2396796 (139)
https://www.reverek12.org/apps/pages/index.jsp?uREC_ID=2318541&type=d&pREC_ID=2427597 (4)
https://www.reverek12.org/apps/pages/index.jsp?uREC_ID=2459566&type=d (3)
https://www.reverek12.org/apps/pages/index.jsp?uREC_ID=2732140&type=d&pREC_ID=2219046 (4)
https://www.reverek12.org/apps/pages/index.jsp?uREC_ID=3086599&type=d&pREC_ID=2677298 (11)",27
453,Seekonk,https://www.seekonkschools.org,"https://drive.google.com/drive/folders/1iSJ9mwh3_z5cUDlw8RlENQQIfHKXilmP
https://vimeo.com/channels/seekonkschoolcommittee/
https://www.seekonkschools.org/school-committee",3,108,https://drive.google.com/drive/folders/1iSJ9mwh3_z5cUDlw8RlENQQIfHKXilmP (108),1
454,Sherborn,http://www.doversherborn.org,"http://www.doversherborn.org
http://www.doversherborn.org/school-committee/dover-school-committee
http://www.doversherborn.org/school-committee/sherborn-school-committee",3,408,"http://www.doversherborn.org (7)
http://www.doversherborn.org/about-us/superintendent (2)
http://www.doversherborn.org/about-us/whoarewe (1)
http://www.doversherborn.org/calendar (2)
http://www.doversherborn.org/programs-and-services/finance-and-operations (2)
http://www.doversherborn.org/programs-and-services/human-resources (14)
http://www.doversherborn.org/programs-and-services/human-resources/benefits (3)
http://www.doversherborn.org/programs-and-services/human-resources/contracts (2)
http://www.doversherborn.org/programs-and-services/human-resources/policies-resources (2)
http://www.doversherborn.org/programs-and-services/student-services/health-services (1)
http://www.doversherborn.org/programs-and-services/student-services/school-counseling/mental-health-resources (6)
http://www.doversherborn.org/programs-and-services/student-services/special-education (9)
http://www.doversherborn.org/programs-and-services/student-services/title-ix (2)
http://www.doversherborn.org/programs-and-services/technology/how-do-i/add-a-networked-printer (3)
http://www.doversherborn.org/programs-and-services/technology/how-do-i/clear-my-cookies-and-cache (3)
http://www.doversherborn.org/programs-and-services/technology/how-do-i/make-sure-my-software-is-up-to-date (12)
http://www.doversherborn.org/school-committee (47)
http://www.doversherborn.org/school-committee/dover-school-committee (1)
http://www.doversherborn.org/school-committee/dover-school-committee/2023-2024/april-2024 (1)
http://www.doversherborn.org/school-committee/dover-school-committee/2023-2024/january-2024 (3)
http://www.doversherborn.org/school-committee/dover-school-committee/2023-2024/june-2024 (3)
http://www.doversherborn.org/school-committee/dover-school-committee/2023-2024/march-2024 (3)
http://www.doversherborn.org/school-committee/dover-school-committee/2023-2024/may-2024 (3)
http://www.doversherborn.org/school-committee/dover-school-committee/2023-2024/november-2023 (3)
http://www.doversherborn.org/school-committee/dover-school-committee/2023-2024/october-2023 (3)
http://www.doversherborn.org/school-committee/dover-school-committee/2023-2024/september-2023 (3)
http://www.doversherborn.org/school-committee/dover-school-committee/2024-2025/january-2025 (3)
http://www.doversherborn.org/school-committee/dover-school-committee/2024-2025/june-2025 (3)
http://www.doversherborn.org/school-committee/dover-school-committee/2024-2025/march-2025 (3)
http://www.doversherborn.org/school-committee/dover-school-committee/2024-2025/may-2025 (3)
http://www.doversherborn.org/school-committee/dover-school-committee/2024-2025/october-2024 (3)
http://www.doversherborn.org/school-committee/dover-school-committee/2024-2025/september-2024 (2)
http://www.doversherborn.org/school-committee/dover-school-committee/2025-2026/february-2026 (3)
http://www.doversherborn.org/school-committee/dover-school-committee/2025-2026/february-3-2026 (2)
http://www.doversherborn.org/school-committee/dover-school-committee/2025-2026/june-2026 (2)
http://www.doversherborn.org/school-committee/dover-school-committee/2025-2026/march-2026 (5)
http://www.doversherborn.org/school-committee/dover-school-committee/2025-2026/may-2026 (3)
http://www.doversherborn.org/school-committee/dover-school-committee/2025-2026/november-2025 (3)
http://www.doversherborn.org/school-committee/dover-school-committee/2025-2026/october-2025 (3)
http://www.doversherborn.org/school-committee/dover-school-committee/2025-2026/september-2025-clone (1)
http://www.doversherborn.org/school-committee/dover-sherborn-regional-school-committee/2023-2024/august-2023 (3)
http://www.doversherborn.org/school-committee/dover-sherborn-regional-school-committee/2023-2024/december-2023 (3)
http://www.doversherborn.org/school-committee/dover-sherborn-regional-school-committee/2023-2024/february-14-2024 (1)
http://www.doversherborn.org/school-committee/dover-sherborn-regional-school-committee/2023-2024/february-6-2024 (3)
http://www.doversherborn.org/school-committee/dover-sherborn-regional-school-committee/2023-2024/january-2024 (3)
http://www.doversherborn.org/school-committee/dover-sherborn-regional-school-committee/2023-2024/march-20-2024 (3)
http://www.doversherborn.org/school-committee/dover-sherborn-regional-school-committee/2023-2024/march-2024 (2)
http://www.doversherborn.org/school-committee/dover-sherborn-regional-school-committee/2023-2024/may-2024 (3)
http://www.doversherborn.org/school-committee/dover-sherborn-regional-school-committee/2023-2024/may-2024/june-2024 (3)
http://www.doversherborn.org/school-committee/dover-sherborn-regional-school-committee/2023-2024/november-2023 (3)
http://www.doversherborn.org/school-committee/dover-sherborn-regional-school-committee/2023-2024/october-2023 (3)
http://www.doversherborn.org/school-committee/dover-sherborn-regional-school-committee/2023-2024/september-2023 (3)
http://www.doversherborn.org/school-committee/dover-sherborn-regional-school-committee/2024-2025/december-2024 (3)
http://www.doversherborn.org/school-committee/dover-sherborn-regional-school-committee/2024-2025/february-2025 (4)
http://www.doversherborn.org/school-committee/dover-sherborn-regional-school-committee/2024-2025/january-2025 (3)
http://www.doversherborn.org/school-committee/dover-sherborn-regional-school-committee/2024-2025/june-2025 (3)
http://www.doversherborn.org/school-committee/dover-sherborn-regional-school-committee/2024-2025/march-2025 (3)
http://www.doversherborn.org/school-committee/dover-sherborn-regional-school-committee/2024-2025/may-2025 (3)
http://www.doversherborn.org/school-committee/dover-sherborn-regional-school-committee/2024-2025/november-2024 (3)
http://www.doversherborn.org/school-committee/dover-sherborn-regional-school-committee/2024-2025/october-2024 (3)
http://www.doversherborn.org/school-committee/dover-sherborn-regional-school-committee/2024-2025/september-2024 (3)
http://www.doversherborn.org/school-committee/dover-sherborn-regional-school-committee/2025-2026/december-2025 (3)
http://www.doversherborn.org/school-committee/dover-sherborn-regional-school-committee/2025-2026/february-11-2026 (1)
http://www.doversherborn.org/school-committee/dover-sherborn-regional-school-committee/2025-2026/february-2026 (3)
http://www.doversherborn.org/school-committee/dover-sherborn-regional-school-committee/2025-2026/june-2026 (2)
http://www.doversherborn.org/school-committee/dover-sherborn-regional-school-committee/2025-2026/march-2026 (2)
http://www.doversherborn.org/school-committee/dover-sherborn-regional-school-committee/2025-2026/may-2026 (3)
http://www.doversherborn.org/school-committee/dover-sherborn-regional-school-committee/2025-2026/november-2025 (3)
http://www.doversherborn.org/school-committee/dover-sherborn-regional-school-committee/2025-2026/october-2025 (3)
http://www.doversherborn.org/school-committee/dover-sherborn-regional-school-committee/2025-2026/september-2025 (3)
http://www.doversherborn.org/school-committee/joint-school-committee/2023-2024/april-2024 (3)
http://www.doversherborn.org/school-committee/joint-school-committee/2023-2024/april-24-2024 (2)
http://www.doversherborn.org/school-committee/joint-school-committee/2023-2024/august-2023 (3)
http://www.doversherborn.org/school-committee/joint-school-committee/2023-2024/january-2024 (3)
http://www.doversherborn.org/school-committee/joint-school-committee/2023-2024/june-2024 (3)
http://www.doversherborn.org/school-committee/joint-school-committee/2023-2024/march-2024 (2)
http://www.doversherborn.org/school-committee/joint-school-committee/2023-2024/september-2023 (3)
http://www.doversherborn.org/school-committee/joint-school-committee/2024-2025/april-2025 (7)
http://www.doversherborn.org/school-committee/joint-school-committee/2024-2025/april-2025/april-2-2025 (1)
http://www.doversherborn.org/school-committee/joint-school-committee/2024-2025/january-2025 (3)
http://www.doversherborn.org/school-committee/joint-school-committee/2024-2025/june-2025 (2)
http://www.doversherborn.org/school-committee/joint-school-committee/2024-2025/september-2024 (3)
http://www.doversherborn.org/school-committee/joint-school-committee/2025-2026/april-2026 (3)
http://www.doversherborn.org/school-committee/joint-school-committee/2025-2026/august-2025-clone (3)
http://www.doversherborn.org/school-committee/joint-school-committee/2025-2026/january-2026 (3)
http://www.doversherborn.org/school-committee/joint-school-committee/2025-2026/june-2026 (2)
http://www.doversherborn.org/school-committee/joint-school-committee/2025-2026/march-2026 (3)
http://www.doversherborn.org/school-committee/joint-school-committee/2025-2026/september-2025 (3)
http://www.doversherborn.org/school-committee/policy-manual (5)
http://www.doversherborn.org/school-committee/sherborn-school-committee/2023-2024/april-2024 (3)
http://www.doversherborn.org/school-committee/sherborn-school-committee/2023-2024/august-2023 (3)
http://www.doversherborn.org/school-committee/sherborn-school-committee/2023-2024/february-2024 (3)
http://www.doversherborn.org/school-committee/sherborn-school-committee/2023-2024/june-2024 (4)
http://www.doversherborn.org/school-committee/sherborn-school-committee/2023-2024/march-2024 (3)
http://www.doversherborn.org/school-committee/sherborn-school-committee/2023-2024/may-2024 (2)
http://www.doversherborn.org/school-committee/sherborn-school-committee/2023-2024/november-2023 (3)
http://www.doversherborn.org/school-committee/sherborn-school-committee/2023-2024/october-2023 (3)
http://www.doversherborn.org/school-committee/sherborn-school-committee/2023-2024/september-2023 (3)
http://www.doversherborn.org/school-committee/sherborn-school-committee/2024-2025/february-2025 (3)
http://www.doversherborn.org/school-committee/sherborn-school-committee/2024-2025/june-2025 (3)
http://www.doversherborn.org/school-committee/sherborn-school-committee/2024-2025/march-2025 (3)
http://www.doversherborn.org/school-committee/sherborn-school-committee/2024-2025/may-2025 (3)
http://www.doversherborn.org/school-committee/sherborn-school-committee/2024-2025/november-2024 (3)
http://www.doversherborn.org/school-committee/sherborn-school-committee/2024-2025/october-2024 (3)
http://www.doversherborn.org/school-committee/sherborn-school-committee/2024-2025/september-2024 (2)
http://www.doversherborn.org/school-committee/sherborn-school-committee/2025-2026/december-2025 (3)
http://www.doversherborn.org/school-committee/sherborn-school-committee/2025-2026/february-2026 (3)
http://www.doversherborn.org/school-committee/sherborn-school-committee/2025-2026/february-24-2026 (3)
http://www.doversherborn.org/school-committee/sherborn-school-committee/2025-2026/june-2026 (2)
http://www.doversherborn.org/school-committee/sherborn-school-committee/2025-2026/march-2026 (3)
http://www.doversherborn.org/school-committee/sherborn-school-committee/2025-2026/may-2026 (3)
http://www.doversherborn.org/school-committee/sherborn-school-committee/2025-2026/october-2025 (3)
http://www.doversherborn.org/school-committee/sherborn-school-committee/2025-2026/september-2025 (2)
http://www.doversherborn.org/school-committee/sherborn-school-committee/2026-2027 (1)
http://www.doversherborn.org/students-families/bullying-reporting (3)
http://www.doversherborn.org/students-families/work-permits (1)
http://www.doversherborn.org/teaching-learning (5)
http://www.doversherborn.org/teaching-learning/elementary-school-learning (7)
http://www.doversherborn.org/teaching-learning/elementary-school-learning/elementary-ela-program-review (1)",119
455,Shrewsbury,https://schools.shrewsburyma.gov/,"https://schools.shrewsburyma.gov/sc/2024-2025-school-committee-meeting-documents
https://schools.shrewsburyma.gov/sc/2025-2026-school-committee-meeting-documents
https://schools.shrewsburyma.gov/sc/2026-2027-school-committee-meeting-documents
https://schools.shrewsburyma.gov/sc/past-meeting-minutes",4,0,,0
473,Sizer School: A North Central Charter Essential (District),http://www.sizerschool.org,"https://www.sizerschool.org/apps/pages/index.jsp?uREC_ID=464867&type=d
https://www.sizerschool.org/apps/pages/index.jsp?uREC_ID=464867&type=d&termREC_ID=&pREC_ID=1016992
https://www.sizerschool.org/apps/pages/index.jsp?uREC_ID=464867&type=d&termREC_ID=&pREC_ID=1168972",3,0,,0
456,Somerset,https://www.somersetschools.org,"https://drive.google.com/drive/folders/1tHp1Fl_XYHKgz5CY45VVsTVJUtieLBVe?usp=sharing
https://www.somersetschools.org/School-Committee/Somerset-Public-Schools/index.html",2,63,https://www.somersetschools.org/School-Committee/Somerset-Public-Schools/index.html (63),1
496,Somerset Berkley Regional School District,https://somersetschools.org,"https://drive.google.com/drive/folders/16PXPWD4sB8uYu8cAsqbvpfnN7krigoHB?usp=sharing
https://www.somersetschools.org/School-Committee/Somerset-Berkley-Regional/index.html
https://www.youtube.com/watch?v=kmwe7eAPYyM&list=PLvzaeZrgURbrvZGl-YsfCgDjSNOuKwYTC",3,62,https://www.somersetschools.org/School-Committee/Somerset-Berkley-Regional/index.html (62),1
457,Southampton,http://www.hr-k12.org,"https://drive.google.com/drive/folders/11SaydKzrG5NxtCiZGQZ9uFP1gXjvOnx4
https://drive.google.com/drive/folders/13svmNcTthBVZ4EzABV9ySe0Flz1VN8fM
https://drive.google.com/drive/folders/15tDEMfyZIGayycWBPljcP_pX-ZIPjk9K
https://drive.google.com/drive/folders/1eHJy-swbS-jXhw_njjWVuzAebcmAFCu0?usp=sharing
https://www.hr-k12.org/en-US/pages/b42d6ee5-8b59-4139-b5f0-474db071bcc6",5,715,https://www.hr-k12.org/en-US/pages/b42d6ee5-8b59-4139-b5f0-474db071bcc6 (715),1
501,South Shore Regional Vocational Technical,https://southshore.tech,https://southshore.tech/school-committee,1,0,,0
497,Spencer-E Brookfield,https://www.sebrsd.org,"https://www.sebrsd.org/documents/3.-school-committee/145329
https://www.sebrsd.org/documents/3.-school-committee/school-committee-minutes/20657762",2,1,https://www.sebrsd.org/documents/3.-school-committee/145329 (1),1
458,Sunderland,https://www.frsu38.org,"https://drive.google.com/drive/folders/123XakUfSpQOw3JMS5P-yn595lyw5Lanx?usp=drive_link
https://drive.google.com/drive/folders/1JMygSWzsRisb2KSn19zlOjz7wRq0oClc?usp=drive_link
https://drive.google.com/drive/folders/1r8squknmgV9LZilAQC8cou4PbcAQ_VKw?usp=drive_link
https://drive.google.com/drive/folders/1TEB78_rriYHSWna2iyBQ6J_jWbIlKr3I?usp=sharing
https://www.frsu38.org/sunderland-school-committee",5,25,"https://drive.google.com/drive/folders/1JMygSWzsRisb2KSn19zlOjz7wRq0oClc?usp=drive_link (1)
https://drive.google.com/drive/folders/1r8squknmgV9LZilAQC8cou4PbcAQ_VKw?usp=drive_link (19)
https://www.frsu38.org/sunderland-school-committee (5)",3
502,Tri-County Regional Vocational Technical,https://www.tri-county.us,"https://www.tri-county.us/documents/about-us/school-committee/documents/514662
https://www.tri-county.us/documents/about-us/school-committee/documents/agendas/16502095
https://www.tri-county.us/documents/about-us/school-committee/documents/meeting-minutes/16502091",3,36,"https://www.tri-county.us/documents/about-us/school-committee/documents/agendas/16502095 (32)
https://www.tri-county.us/documents/about-us/school-committee/documents/meeting-minutes/16502091 (4)",2
459,Truro,https://www.truromass.org,"https://drive.google.com/drive/folders/1f0sMIFYux1ctJUegkWzYIGAXY1fzHw_m?usp=drive_link
https://drive.google.com/drive/folders/1Rgp4_41GLWd63uZrNB7UvqXaaVXgJio2?usp=sharing
https://drive.google.com/drive/folders/1xE3yzlB_FvRB_8474nMRioRSX5uSrZKX?usp=sharing
https://www.truromass.org/apps/pages/index.jsp?uREC_ID=521706&type=d",4,77,"https://drive.google.com/drive/folders/1Rgp4_41GLWd63uZrNB7UvqXaaVXgJio2?usp=sharing (24)
https://drive.google.com/drive/folders/1xE3yzlB_FvRB_8474nMRioRSX5uSrZKX?usp=sharing (40)
https://www.truromass.org/apps/pages/index.jsp?uREC_ID=521706&type=d (1)
https://www.truromass.org/apps/pages/index.jsp?uREC_ID=521706&type=d&termREC_ID=&pREC_ID=video (12)",4
460,Walpole,http://www.walpole.k12.ma.us/,"https://www.walpole.k12.ma.us/documents/other-documents
https://www.walpole.k12.ma.us/documents/other-documents/school-committee
https://www.walpole.k12.ma.us/documents/other-documents/school-committee/sc-2024-2025/22887482
https://www.walpole.k12.ma.us/documents/other-documents/school-committee/sc-2024-2025/22887490",4,57,"https://www.walpole.k12.ma.us/documents/other-documents/school-committee/sc-2024-2025/22887482 (11)
https://www.walpole.k12.ma.us/documents/other-documents/school-committee/sc-2024-2025/22887490 (46)",2
461,Westfield,https://www.schoolsofwestfield.org,"https://www.schoolsofwestfield.org/browse/201110
https://www.schoolsofwestfield.org/o/wps/page/school-committee-2023",2,1,https://www.schoolsofwestfield.org/o/wps/page/school-committee-2023 (1),1
462,Westford,http://westfordk12.us/Pages/index,"https://cloud.castus.tv/vod/westfordcat/playlist/School%20Committee?page=PLAYLIST
https://dms.westfordma.gov/myapi_nohead.php
https://westfordma.gov/767/Document-Management-System
https://westfordma.gov/AgendaCenter/School-Committee-39
http://westfordk12.us/about/school-committee",5,2,http://westfordk12.us/about/school-committee (2),1
463,West Springfield,https://www.wsps.org,"https://cloud.castus.tv/vod/wsaccess/playlist/School%20Committee?page=PLAYLIST
https://drive.google.com/drive/folders/1eePK9KRf2XhCn5wMjdw26zHEX_47nTQI?usp=drive_link
https://drive.google.com/drive/folders/1RpjU2AKqNCr_xgCuJ-NpVrlnK1eh_X2i?usp=drive_link
https://www.wsps.org/District/School-Commitee",4,90,"https://drive.google.com/drive/folders/1eePK9KRf2XhCn5wMjdw26zHEX_47nTQI?usp=drive_link (4)
https://drive.google.com/drive/folders/1RpjU2AKqNCr_xgCuJ-NpVrlnK1eh_X2i?usp=drive_link (86)",2
464,Weymouth,http://www.weymouthschools.org/,"https://www.weymouth.tv/school-committee
http://www.weymouthschools.org/school-committee
http://www.weymouthschools.org/school-committee/agendas-minutes-related-documents
http://www.weymouthschools.org/school-committee/agendas-minutes-related-documents/2025-2026",4,611,"http://www.weymouthschools.org/school-committee/agendas-minutes-related-documents (177)
http://www.weymouthschools.org/school-committee/agendas-minutes-related-documents/2023-2024 (51)
http://www.weymouthschools.org/school-committee/agendas-minutes-related-documents/2023-2024/april-25-2024-meeting (4)
http://www.weymouthschools.org/school-committee/agendas-minutes-related-documents/2023-2024/april-4-2024-meeting (2)
http://www.weymouthschools.org/school-committee/agendas-minutes-related-documents/2023-2024/february-15-2024-meeting (1)
http://www.weymouthschools.org/school-committee/agendas-minutes-related-documents/2023-2024/june-13-2024-meeting (3)
http://www.weymouthschools.org/school-committee/agendas-minutes-related-documents/2023-2024/june-20-2024-meeting (1)
http://www.weymouthschools.org/school-committee/agendas-minutes-related-documents/2023-2024/march-21-2024-meeting (4)
http://www.weymouthschools.org/school-committee/agendas-minutes-related-documents/2023-2024/may-23-2024-meeting (1)
http://www.weymouthschools.org/school-committee/agendas-minutes-related-documents/2023-2024/may-9-2024-meeting (3)
http://www.weymouthschools.org/school-committee/agendas-minutes-related-documents/2024-2025/april-10-2025-meetings (3)
http://www.weymouthschools.org/school-committee/agendas-minutes-related-documents/2024-2025/april-2-2025-budget-subcommittee-meeting (1)
http://www.weymouthschools.org/school-committee/agendas-minutes-related-documents/2024-2025/august-15-2024-meetings (3)
http://www.weymouthschools.org/school-committee/agendas-minutes-related-documents/2024-2025/december-5-2024-meeting (2)
http://www.weymouthschools.org/school-committee/agendas-minutes-related-documents/2024-2025/february-11-2025-policy-subcommittee-meeting (1)
http://www.weymouthschools.org/school-committee/agendas-minutes-related-documents/2024-2025/february-27-2025-meeting (1)
http://www.weymouthschools.org/school-committee/agendas-minutes-related-documents/2024-2025/february-5-2025-budget-subcommittee-meeting (1)
http://www.weymouthschools.org/school-committee/agendas-minutes-related-documents/2024-2025/february-6-2025-meeting (6)
http://www.weymouthschools.org/school-committee/agendas-minutes-related-documents/2024-2025/january-15-2025-budget-subcommittee-meeting (1)
http://www.weymouthschools.org/school-committee/agendas-minutes-related-documents/2024-2025/january-22-2025-budget-subcommittee-meeting (1)
http://www.weymouthschools.org/school-committee/agendas-minutes-related-documents/2024-2025/january-23-2025-meeting (5)
http://www.weymouthschools.org/school-committee/agendas-minutes-related-documents/2024-2025/january-27-2025-athletics-subcommittee-meeting (4)
http://www.weymouthschools.org/school-committee/agendas-minutes-related-documents/2024-2025/january-9-2025-meeting (2)
http://www.weymouthschools.org/school-committee/agendas-minutes-related-documents/2024-2025/june-16-2025-athletics-subcommittee-meeting (3)
http://www.weymouthschools.org/school-committee/agendas-minutes-related-documents/2024-2025/june-25-2025-budget-subcommittee-meeting (2)
http://www.weymouthschools.org/school-committee/agendas-minutes-related-documents/2024-2025/june-26-2025-meeting (6)
http://www.weymouthschools.org/school-committee/agendas-minutes-related-documents/2024-2025/june-5-2025-meeting (2)
http://www.weymouthschools.org/school-committee/agendas-minutes-related-documents/2024-2025/march-13-2025-meeting-public-hearings (1)
http://www.weymouthschools.org/school-committee/agendas-minutes-related-documents/2024-2025/march-24-2025-athletics-subcommittee-meeting (1)
http://www.weymouthschools.org/school-committee/agendas-minutes-related-documents/2024-2025/march-27-2025-meeting (3)
http://www.weymouthschools.org/school-committee/agendas-minutes-related-documents/2024-2025/march-5-2025-budget-subcommittee-meeting (1)
http://www.weymouthschools.org/school-committee/agendas-minutes-related-documents/2024-2025/may-1-2025-meeting (6)
http://www.weymouthschools.org/school-committee/agendas-minutes-related-documents/2024-2025/may-15-2025-meeting (6)
http://www.weymouthschools.org/school-committee/agendas-minutes-related-documents/2024-2025/may-7-2025-budget-subcommittee-meeting (7)
http://www.weymouthschools.org/school-committee/agendas-minutes-related-documents/2024-2025/november-7-2024-meeting (2)
http://www.weymouthschools.org/school-committee/agendas-minutes-related-documents/2024-2025/october-10-2024-meeting (1)
http://www.weymouthschools.org/school-committee/agendas-minutes-related-documents/2024-2025/october-24-2024-meeting (2)
http://www.weymouthschools.org/school-committee/agendas-minutes-related-documents/2024-2025/september-12-2024-meeting (1)
http://www.weymouthschools.org/school-committee/agendas-minutes-related-documents/2025-2026/april-16-2026-policy-subcommittee-meeting (1)
http://www.weymouthschools.org/school-committee/agendas-minutes-related-documents/2025-2026/april-29-2026-budget-subcommittee-meeting (2)
http://www.weymouthschools.org/school-committee/agendas-minutes-related-documents/2025-2026/april-30-2026-meeting (2)
http://www.weymouthschools.org/school-committee/agendas-minutes-related-documents/2025-2026/april-9-2026-meeting (5)
http://www.weymouthschools.org/school-committee/agendas-minutes-related-documents/2025-2026/august-14-2025-athletics-subcommittee-meeting (2)
http://www.weymouthschools.org/school-committee/agendas-minutes-related-documents/2025-2026/august-14-2025-meeting (1)
http://www.weymouthschools.org/school-committee/agendas-minutes-related-documents/2025-2026/december-11-2025-policy-subcommittee-meeting (3)
http://www.weymouthschools.org/school-committee/agendas-minutes-related-documents/2025-2026/december-18-2025-meeting (2)
http://www.weymouthschools.org/school-committee/agendas-minutes-related-documents/2025-2026/december-3-2025-budget-subcommittee-meeting (1)
http://www.weymouthschools.org/school-committee/agendas-minutes-related-documents/2025-2026/december-4-2025-meeting (2)
http://www.weymouthschools.org/school-committee/agendas-minutes-related-documents/2025-2026/february-12-2026-meeting (7)
http://www.weymouthschools.org/school-committee/agendas-minutes-related-documents/2025-2026/february-25-2026-budget-subcommittee-meeting (1)
http://www.weymouthschools.org/school-committee/agendas-minutes-related-documents/2025-2026/february-4-2026-budget-subcommittee-meeting (2)
http://www.weymouthschools.org/school-committee/agendas-minutes-related-documents/2025-2026/february-5-2026-policy-subcommittee-meeting (8)
http://www.weymouthschools.org/school-committee/agendas-minutes-related-documents/2025-2026/january-14-2026-budget-subcommittee-meeting (1)
http://www.weymouthschools.org/school-committee/agendas-minutes-related-documents/2025-2026/january-21-2026-budget-subcommittee-meeting (1)
http://www.weymouthschools.org/school-committee/agendas-minutes-related-documents/2025-2026/january-22-2026-meeting (3)
http://www.weymouthschools.org/school-committee/agendas-minutes-related-documents/2025-2026/january-8-2026-meetings (2)
http://www.weymouthschools.org/school-committee/agendas-minutes-related-documents/2025-2026/june-16-2026-policy-subcommittee-meeting (4)
http://www.weymouthschools.org/school-committee/agendas-minutes-related-documents/2025-2026/june-24-2026-budget-subcommittee-meeting (2)
http://www.weymouthschools.org/school-committee/agendas-minutes-related-documents/2025-2026/june-25-2026-meeting (10)
http://www.weymouthschools.org/school-committee/agendas-minutes-related-documents/2025-2026/june-4-2026-meeting (1)
http://www.weymouthschools.org/school-committee/agendas-minutes-related-documents/2025-2026/march-12-2026-meeting-public-hearings (4)
http://www.weymouthschools.org/school-committee/agendas-minutes-related-documents/2025-2026/march-26-2026-meeting (1)
http://www.weymouthschools.org/school-committee/agendas-minutes-related-documents/2025-2026/march-4-2026-budget-subcommittee-meeting (2)
http://www.weymouthschools.org/school-committee/agendas-minutes-related-documents/2025-2026/may-14-2026-athletics-subcommittee-meeting (1)
http://www.weymouthschools.org/school-committee/agendas-minutes-related-documents/2025-2026/may-14-2026-meeting (2)
http://www.weymouthschools.org/school-committee/agendas-minutes-related-documents/2025-2026/may-6-2026-budget-subcommittee-meeting (2)
http://www.weymouthschools.org/school-committee/agendas-minutes-related-documents/2025-2026/november-12-2025-budget-subcommittee-meeting (1)
http://www.weymouthschools.org/school-committee/agendas-minutes-related-documents/2025-2026/november-13-2025-athletics-subcommittee-meeting (1)
http://www.weymouthschools.org/school-committee/agendas-minutes-related-documents/2025-2026/november-6-2025-meetings (3)
http://www.weymouthschools.org/school-committee/agendas-minutes-related-documents/2025-2026/october-23-2025-meeting (4)
http://www.weymouthschools.org/school-committee/agendas-minutes-related-documents/2025-2026/october-8-2025-budget-subcommittee-meeting (1)
http://www.weymouthschools.org/school-committee/agendas-minutes-related-documents/2025-2026/october-9-2025-meeting (9)
http://www.weymouthschools.org/school-committee/agendas-minutes-related-documents/2025-2026/september-11-2025-meeting (2)
http://www.weymouthschools.org/school-committee/agendas-minutes-related-documents/2025-2026/september-17-2025-budget-subcommittee-meeting (1)
http://www.weymouthschools.org/school-committee/agendas-minutes-related-documents/2025-2026/september-24-2025-policy-subcommittee-meeting (2)
http://www.weymouthschools.org/school-committee/budget-sub-committee (1)
http://www.weymouthschools.org/school-committee/budget-sub-committee/agendas-and-documents (93)
http://www.weymouthschools.org/school-committee/budget-sub-committee/budget-archive (70)
http://www.weymouthschools.org/school-committee/budget-sub-committee/fy25-budget-documents (2)
http://www.weymouthschools.org/school-committee/budget-sub-committee/fy26-budget-documents (2)
http://www.weymouthschools.org/school-committee/budget-sub-committee/fy27-budget-development (4)
http://www.weymouthschools.org/school-committee/collective-bargaining-sub-committee/current-contracts (18)",82
465,Whately,https://www.frsu38.org,"https://drive.google.com/drive/folders/14GuWGjL3m1uo1u57tomhJTeZBkriG6QR?usp=drive_link
https://drive.google.com/drive/folders/1iCzL1ELawsE8Xw4bFHFumqnpYoqiCzDl?usp=sharing
https://drive.google.com/drive/folders/1KBhzBUbtZ3YVmguUMhcr5w-CGf-MEddM?usp=drive_link
https://drive.google.com/drive/folders/1nq5jiiqV-tlJBvXY8HjoDKsmjfuC-9Zh?usp=drive_link
https://www.frsu38.org/whately-school-committee",5,22,"https://drive.google.com/drive/folders/14GuWGjL3m1uo1u57tomhJTeZBkriG6QR?usp=drive_link (17)
https://www.frsu38.org/whately-school-committee (5)",2
466,Worcester,https://www.worcesterschools.org,"https://www.worcesterschools.org
https://www.worcesterschools.org/page/agenda-and-minutes
https://www.worcesterschools.org/page/live-and-archived-videos
https://www.worcesterschools.org/page/meeting-dates
https://www.youtube.com/playlist?list=PLZqyT6uNMVa9VWqRvrOSa9LZehdTuo0pA",5,44,"https://www.worcesterschools.org/o/wps/page/policies-and-procedures (2)
https://www.worcesterschools.org/o/wps/page/summer-reading (1)
https://www.worcesterschools.org/page/agenda-and-minutes (35)
https://www.worcesterschools.org/page/data-privacy-frequently-asked-questions (1)
https://www.worcesterschools.org/page/immigration-resources (1)
https://www.worcesterschools.org/page/information-technology (1)
https://www.worcesterschools.org/page/loan-forgiveness-programs (1)
https://www.worcesterschools.org/page/meeting-dates (1)
https://www.worcesterschools.org/page/quick-facts (1)",9
467,Wrentham,https://wrentham.k12.ma.us,"https://drive.google.com/drive/folders/1Ao6uvpt7JfsyEn58mekKMB1jlh3FjlX9
https://drive.google.com/drive/folders/1BvdFMw0dKqjXFGt1vG4YvUcn0TT7qnCO
https://drive.google.com/drive/folders/1fHzmRYh3GNdShXucwm2pvb7uucMzHyCa
https://drive.google.com/drive/folders/1gwIlccCovHZFD2hJ2NEb1zdXQku2pWsX
https://drive.google.com/drive/folders/1hx2dp7IGQARBG7X74iqJfWJJdYCQrpHR?usp=drive_link
https://drive.google.com/drive/folders/1iV1CNKj6Nug2vw-J2BiDqCsuis7xadcn
https://drive.google.com/drive/folders/1kk0gTKlb_amc3QNittVIUCJYELBEpef_?usp=drive_link
https://wrenthamcable8.com/wrentham-school-committee-meetings
https://wrentham.k12.ma.us/Our-District/School-Committee/index.html",9,122,"https://drive.google.com/drive/folders/1iV1CNKj6Nug2vw-J2BiDqCsuis7xadcn (33)
https://wrentham.k12.ma.us/Our-District/School-Committee/index.html (89)",2
